philosopherLabel,birthDate,sexLabel,nationalityLabel,movementLabel,teacherLabel,studentLabel
Vesna Pusić,1953-03-25T00:00:00Z,féminin,Croatie,,,
Edmund Husserl,1859-04-08T00:00:00Z,masculin,empire d'Autriche,philosophie occidentale,Friedrich Paulsen,Martin Heidegger
Edmund Husserl,1859-04-08T00:00:00Z,masculin,Reich allemand,philosophie occidentale,Friedrich Paulsen,Martin Heidegger
Edmund Husserl,1859-04-08T00:00:00Z,masculin,empire d'Autriche,philosophie occidentale,Karl Weierstrass,Martin Heidegger
Edmund Husserl,1859-04-08T00:00:00Z,masculin,Reich allemand,philosophie occidentale,Karl Weierstrass,Martin Heidegger
Edmund Husserl,1859-04-08T00:00:00Z,masculin,empire d'Autriche,philosophie occidentale,Franz Brentano,Martin Heidegger
Edmund Husserl,1859-04-08T00:00:00Z,masculin,Reich allemand,philosophie occidentale,Franz Brentano,Martin Heidegger
Edmund Husserl,1859-04-08T00:00:00Z,masculin,empire d'Autriche,philosophie occidentale,Carl Stumpf,Martin Heidegger
Edmund Husserl,1859-04-08T00:00:00Z,masculin,Reich allemand,philosophie occidentale,Carl Stumpf,Martin Heidegger
Edmund Husserl,1859-04-08T00:00:00Z,masculin,empire d'Autriche,philosophie occidentale,Wilhelm Wundt,Martin Heidegger
Edmund Husserl,1859-04-08T00:00:00Z,masculin,Reich allemand,philosophie occidentale,Wilhelm Wundt,Martin Heidegger
Edmund Husserl,1859-04-08T00:00:00Z,masculin,empire d'Autriche,philosophie occidentale,Leopold Kronecker,Martin Heidegger
Edmund Husserl,1859-04-08T00:00:00Z,masculin,Reich allemand,philosophie occidentale,Leopold Kronecker,Martin Heidegger
Edmund Husserl,1859-04-08T00:00:00Z,masculin,empire d'Autriche,philosophie occidentale,Friedrich Paulsen,Günther Anders
Edmund Husserl,1859-04-08T00:00:00Z,masculin,Reich allemand,philosophie occidentale,Friedrich Paulsen,Günther Anders
Edmund Husserl,1859-04-08T00:00:00Z,masculin,empire d'Autriche,philosophie occidentale,Karl Weierstrass,Günther Anders
Edmund Husserl,1859-04-08T00:00:00Z,masculin,Reich allemand,philosophie occidentale,Karl Weierstrass,Günther Anders
Edmund Husserl,1859-04-08T00:00:00Z,masculin,empire d'Autriche,philosophie occidentale,Franz Brentano,Günther Anders
Edmund Husserl,1859-04-08T00:00:00Z,masculin,Reich allemand,philosophie occidentale,Franz Brentano,Günther Anders
Edmund Husserl,1859-04-08T00:00:00Z,masculin,empire d'Autriche,philosophie occidentale,Carl Stumpf,Günther Anders
Edmund Husserl,1859-04-08T00:00:00Z,masculin,Reich allemand,philosophie occidentale,Carl Stumpf,Günther Anders
Edmund Husserl,1859-04-08T00:00:00Z,masculin,empire d'Autriche,philosophie occidentale,Wilhelm Wundt,Günther Anders
Edmund Husserl,1859-04-08T00:00:00Z,masculin,Reich allemand,philosophie occidentale,Wilhelm Wundt,Günther Anders
Edmund Husserl,1859-04-08T00:00:00Z,masculin,empire d'Autriche,philosophie occidentale,Leopold Kronecker,Günther Anders
Edmund Husserl,1859-04-08T00:00:00Z,masculin,Reich allemand,philosophie occidentale,Leopold Kronecker,Günther Anders
Edmund Husserl,1859-04-08T00:00:00Z,masculin,empire d'Autriche,philosophie occidentale,Friedrich Paulsen,Eugen Fink
Edmund Husserl,1859-04-08T00:00:00Z,masculin,Reich allemand,philosophie occidentale,Friedrich Paulsen,Eugen Fink
Edmund Husserl,1859-04-08T00:00:00Z,masculin,empire d'Autriche,philosophie occidentale,Karl Weierstrass,Eugen Fink
Edmund Husserl,1859-04-08T00:00:00Z,masculin,Reich allemand,philosophie occidentale,Karl Weierstrass,Eugen Fink
Edmund Husserl,1859-04-08T00:00:00Z,masculin,empire d'Autriche,philosophie occidentale,Franz Brentano,Eugen Fink
Edmund Husserl,1859-04-08T00:00:00Z,masculin,Reich allemand,philosophie occidentale,Franz Brentano,Eugen Fink
Edmund Husserl,1859-04-08T00:00:00Z,masculin,empire d'Autriche,philosophie occidentale,Carl Stumpf,Eugen Fink
Edmund Husserl,1859-04-08T00:00:00Z,masculin,Reich allemand,philosophie occidentale,Carl Stumpf,Eugen Fink
Edmund Husserl,1859-04-08T00:00:00Z,masculin,empire d'Autriche,philosophie occidentale,Wilhelm Wundt,Eugen Fink
Edmund Husserl,1859-04-08T00:00:00Z,masculin,Reich allemand,philosophie occidentale,Wilhelm Wundt,Eugen Fink
Edmund Husserl,1859-04-08T00:00:00Z,masculin,empire d'Autriche,philosophie occidentale,Leopold Kronecker,Eugen Fink
Edmund Husserl,1859-04-08T00:00:00Z,masculin,Reich allemand,philosophie occidentale,Leopold Kronecker,Eugen Fink
Edmund Husserl,1859-04-08T00:00:00Z,masculin,empire d'Autriche,philosophie occidentale,Friedrich Paulsen,Edith Stein
Edmund Husserl,1859-04-08T00:00:00Z,masculin,Reich allemand,philosophie occidentale,Friedrich Paulsen,Edith Stein
Edmund Husserl,1859-04-08T00:00:00Z,masculin,empire d'Autriche,philosophie occidentale,Karl Weierstrass,Edith Stein
Edmund Husserl,1859-04-08T00:00:00Z,masculin,Reich allemand,philosophie occidentale,Karl Weierstrass,Edith Stein
Edmund Husserl,1859-04-08T00:00:00Z,masculin,empire d'Autriche,philosophie occidentale,Franz Brentano,Edith Stein
Edmund Husserl,1859-04-08T00:00:00Z,masculin,Reich allemand,philosophie occidentale,Franz Brentano,Edith Stein
Edmund Husserl,1859-04-08T00:00:00Z,masculin,empire d'Autriche,philosophie occidentale,Carl Stumpf,Edith Stein
Edmund Husserl,1859-04-08T00:00:00Z,masculin,Reich allemand,philosophie occidentale,Carl Stumpf,Edith Stein
Edmund Husserl,1859-04-08T00:00:00Z,masculin,empire d'Autriche,philosophie occidentale,Wilhelm Wundt,Edith Stein
Edmund Husserl,1859-04-08T00:00:00Z,masculin,Reich allemand,philosophie occidentale,Wilhelm Wundt,Edith Stein
Edmund Husserl,1859-04-08T00:00:00Z,masculin,empire d'Autriche,philosophie occidentale,Leopold Kronecker,Edith Stein
Edmund Husserl,1859-04-08T00:00:00Z,masculin,Reich allemand,philosophie occidentale,Leopold Kronecker,Edith Stein
Edmund Husserl,1859-04-08T00:00:00Z,masculin,empire d'Autriche,philosophie occidentale,Friedrich Paulsen,Carlos Astrada
Edmund Husserl,1859-04-08T00:00:00Z,masculin,Reich allemand,philosophie occidentale,Friedrich Paulsen,Carlos Astrada
Edmund Husserl,1859-04-08T00:00:00Z,masculin,empire d'Autriche,philosophie occidentale,Karl Weierstrass,Carlos Astrada
Edmund Husserl,1859-04-08T00:00:00Z,masculin,Reich allemand,philosophie occidentale,Karl Weierstrass,Carlos Astrada
Edmund Husserl,1859-04-08T00:00:00Z,masculin,empire d'Autriche,philosophie occidentale,Franz Brentano,Carlos Astrada
Edmund Husserl,1859-04-08T00:00:00Z,masculin,Reich allemand,philosophie occidentale,Franz Brentano,Carlos Astrada
Edmund Husserl,1859-04-08T00:00:00Z,masculin,empire d'Autriche,philosophie occidentale,Carl Stumpf,Carlos Astrada
Edmund Husserl,1859-04-08T00:00:00Z,masculin,Reich allemand,philosophie occidentale,Carl Stumpf,Carlos Astrada
Edmund Husserl,1859-04-08T00:00:00Z,masculin,empire d'Autriche,philosophie occidentale,Wilhelm Wundt,Carlos Astrada
Edmund Husserl,1859-04-08T00:00:00Z,masculin,Reich allemand,philosophie occidentale,Wilhelm Wundt,Carlos Astrada
Edmund Husserl,1859-04-08T00:00:00Z,masculin,empire d'Autriche,philosophie occidentale,Leopold Kronecker,Carlos Astrada
Edmund Husserl,1859-04-08T00:00:00Z,masculin,Reich allemand,philosophie occidentale,Leopold Kronecker,Carlos Astrada
Thomas Jefferson,1743-04-13T00:00:00Z,masculin,États-Unis,,William Small,
Wole Soyinka,1934-07-13T00:00:00Z,masculin,Nigeria,,,
William Blake,1757-11-28T00:00:00Z,masculin,Royaume-Uni,romantisme,James Barry,Thomas Trotter
William Blake,1757-11-28T00:00:00Z,masculin,royaume de Grande-Bretagne,romantisme,James Barry,Thomas Trotter
William Blake,1757-11-28T00:00:00Z,masculin,Royaume-Uni de Grande-Bretagne et d'Irlande,romantisme,James Barry,Thomas Trotter
William Blake,1757-11-28T00:00:00Z,masculin,Royaume-Uni,peinture féerique,James Barry,Thomas Trotter
William Blake,1757-11-28T00:00:00Z,masculin,royaume de Grande-Bretagne,peinture féerique,James Barry,Thomas Trotter
William Blake,1757-11-28T00:00:00Z,masculin,Royaume-Uni de Grande-Bretagne et d'Irlande,peinture féerique,James Barry,Thomas Trotter
William Blake,1757-11-28T00:00:00Z,masculin,Royaume-Uni,romantisme,Georg Michael Moser,Thomas Trotter
William Blake,1757-11-28T00:00:00Z,masculin,royaume de Grande-Bretagne,romantisme,Georg Michael Moser,Thomas Trotter
William Blake,1757-11-28T00:00:00Z,masculin,Royaume-Uni de Grande-Bretagne et d'Irlande,romantisme,Georg Michael Moser,Thomas Trotter
William Blake,1757-11-28T00:00:00Z,masculin,Royaume-Uni,peinture féerique,Georg Michael Moser,Thomas Trotter
William Blake,1757-11-28T00:00:00Z,masculin,royaume de Grande-Bretagne,peinture féerique,Georg Michael Moser,Thomas Trotter
William Blake,1757-11-28T00:00:00Z,masculin,Royaume-Uni de Grande-Bretagne et d'Irlande,peinture féerique,Georg Michael Moser,Thomas Trotter
William Blake,1757-11-28T00:00:00Z,masculin,Royaume-Uni,romantisme,James Basire,Thomas Trotter
William Blake,1757-11-28T00:00:00Z,masculin,royaume de Grande-Bretagne,romantisme,James Basire,Thomas Trotter
William Blake,1757-11-28T00:00:00Z,masculin,Royaume-Uni de Grande-Bretagne et d'Irlande,romantisme,James Basire,Thomas Trotter
William Blake,1757-11-28T00:00:00Z,masculin,Royaume-Uni,peinture féerique,James Basire,Thomas Trotter
William Blake,1757-11-28T00:00:00Z,masculin,royaume de Grande-Bretagne,peinture féerique,James Basire,Thomas Trotter
William Blake,1757-11-28T00:00:00Z,masculin,Royaume-Uni de Grande-Bretagne et d'Irlande,peinture féerique,James Basire,Thomas Trotter
William Blake,1757-11-28T00:00:00Z,masculin,Royaume-Uni,romantisme,Henry Pars,Thomas Trotter
William Blake,1757-11-28T00:00:00Z,masculin,royaume de Grande-Bretagne,romantisme,Henry Pars,Thomas Trotter
William Blake,1757-11-28T00:00:00Z,masculin,Royaume-Uni de Grande-Bretagne et d'Irlande,romantisme,Henry Pars,Thomas Trotter
William Blake,1757-11-28T00:00:00Z,masculin,Royaume-Uni,peinture féerique,Henry Pars,Thomas Trotter
William Blake,1757-11-28T00:00:00Z,masculin,royaume de Grande-Bretagne,peinture féerique,Henry Pars,Thomas Trotter
William Blake,1757-11-28T00:00:00Z,masculin,Royaume-Uni de Grande-Bretagne et d'Irlande,peinture féerique,Henry Pars,Thomas Trotter
David Hilbert,1862-01-23T00:00:00Z,masculin,Troisième Reich,,,Wilhelm Ackermann
David Hilbert,1862-01-23T00:00:00Z,masculin,Royaume de Prusse,,,Wilhelm Ackermann
David Hilbert,1862-01-23T00:00:00Z,masculin,République de Weimar,,,Wilhelm Ackermann
David Hilbert,1862-01-23T00:00:00Z,masculin,Empire allemand,,,Wilhelm Ackermann
David Hilbert,1862-01-23T00:00:00Z,masculin,Troisième Reich,,,Richard Courant
David Hilbert,1862-01-23T00:00:00Z,masculin,Royaume de Prusse,,,Richard Courant
David Hilbert,1862-01-23T00:00:00Z,masculin,République de Weimar,,,Richard Courant
David Hilbert,1862-01-23T00:00:00Z,masculin,Empire allemand,,,Richard Courant
David Hilbert,1862-01-23T00:00:00Z,masculin,Troisième Reich,,,Otto Blumenthal
David Hilbert,1862-01-23T00:00:00Z,masculin,Royaume de Prusse,,,Otto Blumenthal
David Hilbert,1862-01-23T00:00:00Z,masculin,République de Weimar,,,Otto Blumenthal
David Hilbert,1862-01-23T00:00:00Z,masculin,Empire allemand,,,Otto Blumenthal
David Hilbert,1862-01-23T00:00:00Z,masculin,Troisième Reich,,,Erich Hecke
David Hilbert,1862-01-23T00:00:00Z,masculin,Royaume de Prusse,,,Erich Hecke
David Hilbert,1862-01-23T00:00:00Z,masculin,République de Weimar,,,Erich Hecke
David Hilbert,1862-01-23T00:00:00Z,masculin,Empire allemand,,,Erich Hecke
Carl Göring,1841-04-28T00:00:00Z,masculin,Confédération de l'Allemagne du Nord,,,
Ernst Krieck,1882-07-06T00:00:00Z,masculin,Allemagne,,,
Friedrich Kittler,1943-06-12T00:00:00Z,masculin,Allemagne,,,
Carl August von Eschenmayer,1768-07-04T00:00:00Z,masculin,duché de Wurtemberg,,,
Harald Weinrich,1927-09-24T00:00:00Z,masculin,Allemagne,,,
Arthur Kronfeld,1886-01-09T00:00:00Z,masculin,Union soviétique,,,
Arthur Kronfeld,1886-01-09T00:00:00Z,masculin,Reich allemand,,,
Theodor Ziehen,1862-11-12T00:00:00Z,masculin,Allemagne,,,
Henri Ahrens,1808-07-14T00:00:00Z,masculin,Empire allemand,,,
Hans Blüher,1888-02-17T00:00:00Z,masculin,Troisième Reich,,,
Hans Blüher,1888-02-17T00:00:00Z,masculin,République de Weimar,,,
Hans Blüher,1888-02-17T00:00:00Z,masculin,Empire allemand,,,
Hans Blüher,1888-02-17T00:00:00Z,masculin,Allemagne de l'Ouest,,,
Paul Oppenheim,1885-06-17T00:00:00Z,masculin,Allemagne,,,
Johann Joachim Spalding,1714-11-01T00:00:00Z,masculin,Royaume de Prusse,,,
Hans Lenk,1935-03-23T00:00:00Z,masculin,Allemagne,,,
Karl Wilhelm Ferdinand Solger,1780-11-28T00:00:00Z,masculin,Royaume de Prusse,,,Karl Otfried Müller
Jacob Sigismund Beck,1761-08-06T00:00:00Z,masculin,,,Emmanuel Kant,
Jacob Sigismund Beck,1761-08-06T00:00:00Z,masculin,,,Christian Jakob Kraus,
Jacob Sigismund Beck,1761-08-06T00:00:00Z,masculin,,,Johann Schultz,
Xu Liangying,1920-05-03T00:00:00Z,masculin,république populaire de Chine,,,
Carl Peter Thunberg,1743-11-11T00:00:00Z,masculin,Suède,,,Katsuragawa Hoshū
Carl Peter Thunberg,1743-11-11T00:00:00Z,masculin,Suède,,,Nakagawa Jun'an
Carl Peter Thunberg,1743-11-11T00:00:00Z,masculin,Suède,,,Jonas Nicolaus Ahl
Mario Vargas Llosa,1936-03-28T00:00:00Z,masculin,Espagne,réalisme magique,Raúl Porras Barrenechea,
Mario Vargas Llosa,1936-03-28T00:00:00Z,masculin,Pérou,réalisme magique,Raúl Porras Barrenechea,
Mario Vargas Llosa,1936-03-28T00:00:00Z,masculin,République dominicaine,réalisme magique,Raúl Porras Barrenechea,
Mario Vargas Llosa,1936-03-28T00:00:00Z,masculin,Espagne,boom latino-américain,Raúl Porras Barrenechea,
Mario Vargas Llosa,1936-03-28T00:00:00Z,masculin,Pérou,boom latino-américain,Raúl Porras Barrenechea,
Mario Vargas Llosa,1936-03-28T00:00:00Z,masculin,République dominicaine,boom latino-américain,Raúl Porras Barrenechea,
Mario Vargas Llosa,1936-03-28T00:00:00Z,masculin,Espagne,réalisme magique,Isaac Humala Núñez,
Mario Vargas Llosa,1936-03-28T00:00:00Z,masculin,Pérou,réalisme magique,Isaac Humala Núñez,
Mario Vargas Llosa,1936-03-28T00:00:00Z,masculin,République dominicaine,réalisme magique,Isaac Humala Núñez,
Mario Vargas Llosa,1936-03-28T00:00:00Z,masculin,Espagne,boom latino-américain,Isaac Humala Núñez,
Mario Vargas Llosa,1936-03-28T00:00:00Z,masculin,Pérou,boom latino-américain,Isaac Humala Núñez,
Mario Vargas Llosa,1936-03-28T00:00:00Z,masculin,République dominicaine,boom latino-américain,Isaac Humala Núñez,
Mario Vargas Llosa,1936-03-28T00:00:00Z,masculin,Espagne,réalisme magique,Luis Jaime Cisneros,
Mario Vargas Llosa,1936-03-28T00:00:00Z,masculin,Pérou,réalisme magique,Luis Jaime Cisneros,
Mario Vargas Llosa,1936-03-28T00:00:00Z,masculin,République dominicaine,réalisme magique,Luis Jaime Cisneros,
Mario Vargas Llosa,1936-03-28T00:00:00Z,masculin,Espagne,boom latino-américain,Luis Jaime Cisneros,
Mario Vargas Llosa,1936-03-28T00:00:00Z,masculin,Pérou,boom latino-américain,Luis Jaime Cisneros,
Mario Vargas Llosa,1936-03-28T00:00:00Z,masculin,République dominicaine,boom latino-américain,Luis Jaime Cisneros,
Constantin Tsiolkovski,1857-09-17T00:00:00Z,masculin,Union soviétique,,,
Constantin Tsiolkovski,1857-09-17T00:00:00Z,masculin,Empire russe,,,
Constantin Tsiolkovski,1857-09-17T00:00:00Z,masculin,République russe,,,
Constantin Tsiolkovski,1857-09-17T00:00:00Z,masculin,Russie soviétique,,,
Heinrich Rudolf Hertz,1857-02-22T00:00:00Z,masculin,Hambourg,,Hermann Ludwig von Helmholtz,
Edward de Bono,1933-05-19T00:00:00Z,masculin,Colonie de Malte et dépendances,,,
Kurt Gödel,1906-04-28T00:00:00Z,masculin,États-Unis,,Philipp Furtwängler,
Kurt Gödel,1906-04-28T00:00:00Z,masculin,Autriche,,Philipp Furtwängler,
Kurt Gödel,1906-04-28T00:00:00Z,masculin,Tchécoslovaquie,,Philipp Furtwängler,
Kurt Gödel,1906-04-28T00:00:00Z,masculin,Cisleithanie,,Philipp Furtwängler,
Hans Driesch,1867-10-28T00:00:00Z,masculin,Troisième Reich,,,
Hans Driesch,1867-10-28T00:00:00Z,masculin,République de Weimar,,,
Hans Driesch,1867-10-28T00:00:00Z,masculin,Empire allemand,,,
Emmanuel Kant,1724-04-22T00:00:00Z,masculin,Royaume de Prusse,idéalisme allemand,Johann Gottfried Teske,Jacob Sigismund Beck
Emmanuel Kant,1724-04-22T00:00:00Z,masculin,Royaume de Prusse,idéalisme allemand,Johann Gottfried Teske,Marcus Herz
Emmanuel Kant,1724-04-22T00:00:00Z,masculin,Royaume de Prusse,idéalisme allemand,Johann Gottfried Teske,Christian Jakob Kraus
Emmanuel Kant,1724-04-22T00:00:00Z,masculin,Royaume de Prusse,idéalisme allemand,Johann Gottfried Teske,Johann Gottlieb Fichte
John Maynard Keynes,1883-06-05T00:00:00Z,masculin,Royaume-Uni,Bloomsbury Group,Alfred Marshall,
John Maynard Keynes,1883-06-05T00:00:00Z,masculin,Royaume-Uni de Grande-Bretagne et d'Irlande,Bloomsbury Group,Alfred Marshall,
John Maynard Keynes,1883-06-05T00:00:00Z,masculin,Royaume-Uni,Bloomsbury Group,William Ernest Johnson,
John Maynard Keynes,1883-06-05T00:00:00Z,masculin,Royaume-Uni de Grande-Bretagne et d'Irlande,Bloomsbury Group,William Ernest Johnson,
Friedrich Nietzsche,1844-10-15T00:00:00Z,masculin,Royaume de Prusse,philosophie de la vie,Jacob Burckhardt,Rudolf Steiner
Friedrich Nietzsche,1844-10-15T00:00:00Z,masculin,Royaume de Prusse,philosophie de la vie,Friedrich Wilhelm Ritschl,Rudolf Steiner
Jean-Paul Sartre,1905-06-21T00:00:00Z,masculin,France,athéisme,,
Jean-Paul Sartre,1905-06-21T00:00:00Z,masculin,France,marxisme,,
Jean-Paul Sartre,1905-06-21T00:00:00Z,masculin,France,existentialisme,,
Jean-Paul Sartre,1905-06-21T00:00:00Z,masculin,France,philosophie continentale,,
Jean-Paul Sartre,1905-06-21T00:00:00Z,masculin,France,phénoménologie,,
Jean-Paul Sartre,1905-06-21T00:00:00Z,masculin,France,philosophie française,,
Adam Smith,1723-06-01T00:00:00Z,masculin,royaume de Grande-Bretagne,,,
Max Weber,1864-04-21T00:00:00Z,masculin,Allemagne,,,Alfred Schütz
Max Weber,1864-04-21T00:00:00Z,masculin,Royaume de Prusse,,,Alfred Schütz
Max Weber,1864-04-21T00:00:00Z,masculin,République de Weimar,,,Alfred Schütz
Max Weber,1864-04-21T00:00:00Z,masculin,Empire allemand,,,Alfred Schütz
Max Weber,1864-04-21T00:00:00Z,masculin,Confédération de l'Allemagne du Nord,,,Alfred Schütz
Max Weber,1864-04-21T00:00:00Z,masculin,Allemagne,,,Harold Garfinkel
Max Weber,1864-04-21T00:00:00Z,masculin,Royaume de Prusse,,,Harold Garfinkel
Max Weber,1864-04-21T00:00:00Z,masculin,République de Weimar,,,Harold Garfinkel
Max Weber,1864-04-21T00:00:00Z,masculin,Empire allemand,,,Harold Garfinkel
Max Weber,1864-04-21T00:00:00Z,masculin,Confédération de l'Allemagne du Nord,,,Harold Garfinkel
Ludwig Wittgenstein,1889-04-26T00:00:00Z,masculin,Autriche,philosophie analytique,,G. E. M. Anscombe
Ludwig Wittgenstein,1889-04-26T00:00:00Z,masculin,Royaume-Uni,philosophie analytique,,G. E. M. Anscombe
Ludwig Wittgenstein,1889-04-26T00:00:00Z,masculin,Autriche,philosophie analytique,,Alice Ambrose
Ludwig Wittgenstein,1889-04-26T00:00:00Z,masculin,Royaume-Uni,philosophie analytique,,Alice Ambrose
Vilfredo Pareto,1848-07-15T00:00:00Z,masculin,France,École de Lausanne,,
Vilfredo Pareto,1848-07-15T00:00:00Z,masculin,royaume d'Italie,École de Lausanne,,
Otto Bauer,1881-09-05T00:00:00Z,masculin,Autriche,marxisme,,
Larry Sanger,1968-07-16T00:00:00Z,masculin,États-Unis,,,
Denis Diderot,1713-10-05T00:00:00Z,masculin,royaume de France,matérialisme,,Paul Boësnier de l'Orme
Denis Diderot,1713-10-05T00:00:00Z,masculin,royaume de France,encyclopédiste,,Paul Boësnier de l'Orme
Denis Diderot,1713-10-05T00:00:00Z,masculin,royaume de France,Lumières,,Paul Boësnier de l'Orme
Friedrich Theodor Vischer,1807-06-30T00:00:00Z,masculin,Royaume du Wurtemberg,,,
André-Marie Ampère,1775-01-20T00:00:00Z,masculin,France,,,Jean-Baptiste-Firmin Demonferrand
Jean-Paul II,1920-05-18T00:00:00Z,masculin,Pologne,,,
Fiodor Dostoïevski,1821-11-11T00:00:00Z,masculin,Empire russe,réalisme,,
Mahatma Gandhi,1869-10-02T00:00:00Z,masculin,Inde,non-violence,Shrimad Rajchandra,Vinoba Bhave
Charles Darwin,1809-02-12T00:00:00Z,masculin,Royaume-Uni de Grande-Bretagne et d'Irlande,,John Edmonstone,
Charles Darwin,1809-02-12T00:00:00Z,masculin,Royaume-Uni de Grande-Bretagne et d'Irlande,,Adam Sedgwick,
Dag Hammarskjöld,1905-07-29T00:00:00Z,masculin,Suède,,Hildur Akselsson,
Friedrich Hayek,1899-05-08T00:00:00Z,masculin,Autriche,,,Marjorie Grice-Hutchinson
Friedrich Hayek,1899-05-08T00:00:00Z,masculin,Royaume-Uni,,,Marjorie Grice-Hutchinson
Michael Schmidt-Salomon,1967-09-14T00:00:00Z,masculin,Allemagne,,,
Benoît XVI,1927-04-16T00:00:00Z,masculin,Italie,,,Bruno Schmid
Benoît XVI,1927-04-16T00:00:00Z,masculin,Allemagne,,,Bruno Schmid
Benoît XVI,1927-04-16T00:00:00Z,masculin,Vatican,,,Bruno Schmid
Antoine de Saint-Exupéry,1900-06-29T00:00:00Z,masculin,France,,,
Charles Maurras,1868-04-20T00:00:00Z,masculin,France,néo-classicisme,Jean-Baptiste Penon,
Charles Maurras,1868-04-20T00:00:00Z,masculin,France,positivisme,Jean-Baptiste Penon,
Charles Maurras,1868-04-20T00:00:00Z,masculin,France,royalisme,Jean-Baptiste Penon,
Ernst Mayr,1904-07-05T00:00:00Z,masculin,États-Unis,,Erwin Stresemann,
Ernst Mayr,1904-07-05T00:00:00Z,masculin,Allemagne,,Erwin Stresemann,
Pierre-Joseph Proudhon,1809-01-15T00:00:00Z,masculin,Belgique,,,Armand Hayem
Pierre-Joseph Proudhon,1809-01-15T00:00:00Z,masculin,France,,,Armand Hayem
Pierre Kropotkine,1842-12-09T00:00:00Z,masculin,république socialiste fédérative soviétique de Russie,anarchisme,,
Pierre Kropotkine,1842-12-09T00:00:00Z,masculin,Empire russe,anarchisme,,
Mao Zedong,1893-12-26T00:00:00Z,masculin,république populaire de Chine,marxisme-léninisme-maoïsme,Li Yuanfu,
Mao Zedong,1893-12-26T00:00:00Z,masculin,dynastie Qing,marxisme-léninisme-maoïsme,Li Yuanfu,
Mao Zedong,1893-12-26T00:00:00Z,masculin,République soviétique chinoise,marxisme-léninisme-maoïsme,Li Yuanfu,
Mao Zedong,1893-12-26T00:00:00Z,masculin,république de Chine,marxisme-léninisme-maoïsme,Li Yuanfu,
Johann Wolfgang von Goethe,1749-08-28T00:00:00Z,masculin,grand-duché de Saxe-Weimar-Eisenach,siècle des Lumières,Adam Friedrich Oeser,
Johann Wolfgang von Goethe,1749-08-28T00:00:00Z,masculin,grand-duché de Saxe-Weimar-Eisenach,Sturm und Drang,Adam Friedrich Oeser,
Johann Wolfgang von Goethe,1749-08-28T00:00:00Z,masculin,grand-duché de Saxe-Weimar-Eisenach,Classicisme de Weimar,Adam Friedrich Oeser,
Johann Wolfgang von Goethe,1749-08-28T00:00:00Z,masculin,grand-duché de Saxe-Weimar-Eisenach,siècle des Lumières,Justus Christian Loder,
Johann Wolfgang von Goethe,1749-08-28T00:00:00Z,masculin,grand-duché de Saxe-Weimar-Eisenach,Sturm und Drang,Justus Christian Loder,
Johann Wolfgang von Goethe,1749-08-28T00:00:00Z,masculin,grand-duché de Saxe-Weimar-Eisenach,Classicisme de Weimar,Justus Christian Loder,
Johann Wolfgang von Goethe,1749-08-28T00:00:00Z,masculin,grand-duché de Saxe-Weimar-Eisenach,siècle des Lumières,Jean Schweighaeuser,
Johann Wolfgang von Goethe,1749-08-28T00:00:00Z,masculin,grand-duché de Saxe-Weimar-Eisenach,Sturm und Drang,Jean Schweighaeuser,
Johann Wolfgang von Goethe,1749-08-28T00:00:00Z,masculin,grand-duché de Saxe-Weimar-Eisenach,Classicisme de Weimar,Jean Schweighaeuser,
Marcel Duchamp,1887-07-28T00:00:00Z,masculin,États-Unis,Dada,,
Marcel Duchamp,1887-07-28T00:00:00Z,masculin,France,Dada,,
Marcel Duchamp,1887-07-28T00:00:00Z,masculin,États-Unis,surréalisme,,
Marcel Duchamp,1887-07-28T00:00:00Z,masculin,France,surréalisme,,
Marcel Duchamp,1887-07-28T00:00:00Z,masculin,États-Unis,art conceptuel,,
Marcel Duchamp,1887-07-28T00:00:00Z,masculin,France,art conceptuel,,
Søren Kierkegaard,1813-05-05T00:00:00Z,masculin,Royaume du Danemark,existentialisme,Poul Martin Møller,
Søren Kierkegaard,1813-05-05T00:00:00Z,masculin,Royaume du Danemark,existentialisme,Hans Lassen Martensen,
Søren Kierkegaard,1813-05-05T00:00:00Z,masculin,Royaume du Danemark,existentialisme,Frederik Christian Sibbern,
Jean-Jacques Rousseau,1712-06-28T00:00:00Z,masculin,République de Genève,musique baroque,,Louis Stanislas de Girardin
Jean-Jacques Rousseau,1712-06-28T00:00:00Z,masculin,République de Genève,contrat social,,Louis Stanislas de Girardin
Stanisław Lem,1921-09-12T00:00:00Z,masculin,Pologne,,,
Michel Onfray,1959-01-01T00:00:00Z,masculin,France,hédonisme,,
Michel Onfray,1959-01-01T00:00:00Z,masculin,France,athéisme,,
Michel Onfray,1959-01-01T00:00:00Z,masculin,France,matérialisme,,
Michel Onfray,1959-01-01T00:00:00Z,masculin,France,philosophie continentale,,
Michel Onfray,1959-01-01T00:00:00Z,masculin,France,libertarianisme,,
Michel Onfray,1959-01-01T00:00:00Z,masculin,France,euroscepticisme,,
Julien Offray de La Mettrie,1709-12-12T00:00:00Z,masculin,France,athéisme,,
Julien Offray de La Mettrie,1709-12-25T00:00:00Z,masculin,France,athéisme,,
Julien Offray de La Mettrie,1709-12-12T00:00:00Z,masculin,France,matérialisme,,
Julien Offray de La Mettrie,1709-12-25T00:00:00Z,masculin,France,matérialisme,,
Sophie Germain,1776-04-01T00:00:00Z,féminin,France,,,
Paul Henri Thiry d’Holbach,1723-12-08T00:00:00Z,masculin,France,athéisme,,
Paul Henri Thiry d’Holbach,1723-12-08T00:00:00Z,masculin,Palatinat du Rhin,athéisme,,
Simone de Beauvoir,1908-01-09T00:00:00Z,féminin,France,athéisme,,
Simone de Beauvoir,1908-01-09T00:00:00Z,féminin,France,féminisme,,
Simone de Beauvoir,1908-01-09T00:00:00Z,féminin,France,existentialisme,,
Rosa Luxemburg,1871-03-05T00:00:00Z,féminin,Allemagne,,Julius Wolf,
Rosa Luxemburg,1871-03-05T00:00:00Z,féminin,Empire russe,,Julius Wolf,
Rabîndranâth Tagore,1861-05-07T00:00:00Z,masculin,Raj britannique,,,Lakshmiswar Sinha
Rabîndranâth Tagore,1861-05-07T00:00:00Z,masculin,Raj britannique,,,Mukul Dey
Léon Tolstoï,1828-09-09T00:00:00Z,masculin,Empire russe,réalisme,,Isaak Feynerman
Léon Tolstoï,1828-09-09T00:00:00Z,masculin,Empire russe,réalisme,,Vasily Morozov
Émilie du Châtelet,1706-12-18T00:00:00Z,féminin,France,Lumières,Alexis Claude Clairaut,
Émilie du Châtelet,1706-12-18T00:00:00Z,féminin,France,Lumières,Pierre-Louis Moreau de Maupertuis,
Sun Yat-sen,1866-11-12T00:00:00Z,masculin,Taïwan,,,
Sun Yat-sen,1866-11-12T00:00:00Z,masculin,dynastie Qing,,,
Max Planck,1858-04-23T00:00:00Z,masculin,Reich allemand,,Philipp Ludwig von Seidel,Max von Laue
Max Planck,1858-04-23T00:00:00Z,masculin,Reich allemand,,Gustav Bauer,Max von Laue
Max Planck,1858-04-23T00:00:00Z,masculin,Reich allemand,,Philipp Ludwig von Seidel,Gustav Ludwig Hertz
Max Planck,1858-04-23T00:00:00Z,masculin,Reich allemand,,Gustav Bauer,Gustav Ludwig Hertz
Max Planck,1858-04-23T00:00:00Z,masculin,Reich allemand,,Philipp Ludwig von Seidel,Moritz Schlick
Max Planck,1858-04-23T00:00:00Z,masculin,Reich allemand,,Gustav Bauer,Moritz Schlick
Max Planck,1858-04-23T00:00:00Z,masculin,Reich allemand,,Philipp Ludwig von Seidel,Walter Schottky
Max Planck,1858-04-23T00:00:00Z,masculin,Reich allemand,,Gustav Bauer,Walter Schottky
Max Planck,1858-04-23T00:00:00Z,masculin,Reich allemand,,Philipp Ludwig von Seidel,Walther Meißner
Max Planck,1858-04-23T00:00:00Z,masculin,Reich allemand,,Gustav Bauer,Walther Meißner
Max Planck,1858-04-23T00:00:00Z,masculin,Reich allemand,,Philipp Ludwig von Seidel,Max Abraham
Max Planck,1858-04-23T00:00:00Z,masculin,Reich allemand,,Gustav Bauer,Max Abraham
Max Planck,1858-04-23T00:00:00Z,masculin,Reich allemand,,Philipp Ludwig von Seidel,Walther Bothe
Max Planck,1858-04-23T00:00:00Z,masculin,Reich allemand,,Gustav Bauer,Walther Bothe
Noam Chomsky,1928-12-07T00:00:00Z,masculin,États-Unis,athéisme,Roman Jakobson,
Noam Chomsky,1928-12-07T00:00:00Z,masculin,États-Unis,nouvelle gauche,Roman Jakobson,
Noam Chomsky,1928-12-07T00:00:00Z,masculin,États-Unis,anarcho-syndicalisme,Roman Jakobson,
Noam Chomsky,1928-12-07T00:00:00Z,masculin,États-Unis,mouvement antiguerre,Roman Jakobson,
Noam Chomsky,1928-12-07T00:00:00Z,masculin,États-Unis,athéisme,Zellig Harris,
Noam Chomsky,1928-12-07T00:00:00Z,masculin,États-Unis,nouvelle gauche,Zellig Harris,
Noam Chomsky,1928-12-07T00:00:00Z,masculin,États-Unis,anarcho-syndicalisme,Zellig Harris,
James Madison,1751-03-16T00:00:00Z,masculin,États-Unis,,,
Wilhelm Ostwald,1853-09-02T00:00:00Z,masculin,Allemagne,,,
Wilhelm Ostwald,1853-09-02T00:00:00Z,masculin,Empire russe,,,
Auguste Comte,1798-01-19T00:00:00Z,masculin,France,positivisme,Augustin Louis Cauchy,Richard Congreve
Auguste Comte,1798-01-19T00:00:00Z,masculin,France,positivisme,Claude-Henri de Rouvroy de Saint-Simon,Richard Congreve
Auguste Comte,1798-01-19T00:00:00Z,masculin,France,positivisme,François Arago,Richard Congreve
Auguste Comte,1798-01-19T00:00:00Z,masculin,France,positivisme,Louis Jacques Thénard,Richard Congreve
Auguste Comte,1798-01-19T00:00:00Z,masculin,France,positivisme,Louis Poinsot,Richard Congreve
Auguste Comte,1798-01-19T00:00:00Z,masculin,France,positivisme,Alexis Thérèse Petit,Richard Congreve
Auguste Comte,1798-01-19T00:00:00Z,masculin,France,positivisme,Jean Nicolas Pierre Hachette,Richard Congreve
Auguste Comte,1798-01-19T00:00:00Z,masculin,France,positivisme,Daniel Encontre,Richard Congreve
Auguste Comte,1798-01-19T00:00:00Z,masculin,France,positivisme,Augustin Louis Cauchy,Pierre Laffitte
Auguste Comte,1798-01-19T00:00:00Z,masculin,France,positivisme,Claude-Henri de Rouvroy de Saint-Simon,Pierre Laffitte
Auguste Comte,1798-01-19T00:00:00Z,masculin,France,positivisme,François Arago,Pierre Laffitte
Auguste Comte,1798-01-19T00:00:00Z,masculin,France,positivisme,Louis Jacques Thénard,Pierre Laffitte
Auguste Comte,1798-01-19T00:00:00Z,masculin,France,positivisme,Louis Poinsot,Pierre Laffitte
Auguste Comte,1798-01-19T00:00:00Z,masculin,France,positivisme,Alexis Thérèse Petit,Pierre Laffitte
Auguste Comte,1798-01-19T00:00:00Z,masculin,France,positivisme,Jean Nicolas Pierre Hachette,Pierre Laffitte
Auguste Comte,1798-01-19T00:00:00Z,masculin,France,positivisme,Daniel Encontre,Pierre Laffitte
Auguste Comte,1798-01-19T00:00:00Z,masculin,France,positivisme,Augustin Louis Cauchy,Eugène Sémérie
Auguste Comte,1798-01-19T00:00:00Z,masculin,France,positivisme,Claude-Henri de Rouvroy de Saint-Simon,Eugène Sémérie
Auguste Comte,1798-01-19T00:00:00Z,masculin,France,positivisme,François Arago,Eugène Sémérie
Auguste Comte,1798-01-19T00:00:00Z,masculin,France,positivisme,Louis Jacques Thénard,Eugène Sémérie
Auguste Comte,1798-01-19T00:00:00Z,masculin,France,positivisme,Louis Poinsot,Eugène Sémérie
Auguste Comte,1798-01-19T00:00:00Z,masculin,France,positivisme,Alexis Thérèse Petit,Eugène Sémérie
Auguste Comte,1798-01-19T00:00:00Z,masculin,France,positivisme,Jean Nicolas Pierre Hachette,Eugène Sémérie
Auguste Comte,1798-01-19T00:00:00Z,masculin,France,positivisme,Daniel Encontre,Eugène Sémérie
Auguste Comte,1798-01-19T00:00:00Z,masculin,France,positivisme,Augustin Louis Cauchy,Fabien Magnin
Auguste Comte,1798-01-19T00:00:00Z,masculin,France,positivisme,Claude-Henri de Rouvroy de Saint-Simon,Fabien Magnin
Auguste Comte,1798-01-19T00:00:00Z,masculin,France,positivisme,François Arago,Fabien Magnin
Auguste Comte,1798-01-19T00:00:00Z,masculin,France,positivisme,Louis Jacques Thénard,Fabien Magnin
Auguste Comte,1798-01-19T00:00:00Z,masculin,France,positivisme,Louis Poinsot,Fabien Magnin
Auguste Comte,1798-01-19T00:00:00Z,masculin,France,positivisme,Alexis Thérèse Petit,Fabien Magnin
Auguste Comte,1798-01-19T00:00:00Z,masculin,France,positivisme,Jean Nicolas Pierre Hachette,Fabien Magnin
Auguste Comte,1798-01-19T00:00:00Z,masculin,France,positivisme,Daniel Encontre,Fabien Magnin
Umberto Eco,1932-01-05T00:00:00Z,masculin,Italie,,,Marco Belpoliti
Umberto Eco,1932-01-05T00:00:00Z,masculin,royaume d'Italie,,,Marco Belpoliti
Umberto Eco,1932-01-05T00:00:00Z,masculin,Italie,,,Christos Thivaios
Umberto Eco,1932-01-05T00:00:00Z,masculin,royaume d'Italie,,,Christos Thivaios
George Soros,1930-08-12T00:00:00Z,masculin,Hongrie,,Karl Popper,
George Soros,1930-08-12T00:00:00Z,masculin,États-Unis,,Karl Popper,
George Soros,1930-08-12T00:00:00Z,masculin,Hongrie,,Harold Laski,
George Soros,1930-08-12T00:00:00Z,masculin,États-Unis,,Harold Laski,
Vinoba Bhave,1895-09-11T00:00:00Z,masculin,Inde,,Mahatma Gandhi,Satish Kumar
Vinoba Bhave,1895-09-11T00:00:00Z,masculin,Raj britannique,,Mahatma Gandhi,Satish Kumar
Frédéric Bastiat,1801-06-30T00:00:00Z,masculin,France,,,
Alfred Marshall,1842-07-26T00:00:00Z,masculin,Royaume-Uni de Grande-Bretagne et d'Irlande,,,Arthur Cecil Pigou
Alfred Marshall,1842-07-26T00:00:00Z,masculin,Royaume-Uni de Grande-Bretagne et d'Irlande,,,John Maynard Keynes and Friedrich Hayek
Craig Au Yeung Ying Chai,1961-01-01T00:00:00Z,masculin,Hong Kong,,,
Dietrich von Hildebrand,1889-10-12T00:00:00Z,masculin,Allemagne,,,
Johann Baptist von Spix,1781-02-09T00:00:00Z,masculin,royaume de Bavière,,,
Émile Durkheim,1858-04-15T00:00:00Z,masculin,France,,Wilhelm Wundt,Marcel Mauss
Émile Durkheim,1858-04-15T00:00:00Z,masculin,France,,Numa Denis Fustel de Coulanges,Marcel Mauss
Émile Durkheim,1858-04-15T00:00:00Z,masculin,France,,Wilhelm Wundt,Maurice Halbwachs
Émile Durkheim,1858-04-15T00:00:00Z,masculin,France,,Numa Denis Fustel de Coulanges,Maurice Halbwachs
Émile Durkheim,1858-04-15T00:00:00Z,masculin,France,,Wilhelm Wundt,Robert Hertz
Émile Durkheim,1858-04-15T00:00:00Z,masculin,France,,Numa Denis Fustel de Coulanges,Robert Hertz
Fritz Mauthner,1849-11-22T00:00:00Z,masculin,Autriche,,,
Fritz Mauthner,1849-11-22T00:00:00Z,masculin,Allemagne,,,
Fritz Mauthner,1849-11-22T00:00:00Z,masculin,Cisleithanie,,,
Jean Améry,1912-10-31T00:00:00Z,masculin,Autriche,,,
Virchand Gandhi,1864-08-25T00:00:00Z,masculin,Raj britannique,,,
Shrimad Rajchandra,1867-11-11T00:00:00Z,masculin,Raj britannique,,,Mahatma Gandhi
Elie Wiesel,1928-09-30T00:00:00Z,masculin,États-Unis,,,
Elie Wiesel,1928-09-30T00:00:00Z,masculin,Israël,,,
Elie Wiesel,1928-09-30T00:00:00Z,masculin,royaume de Roumanie,,,
Elie Wiesel,1928-09-30T00:00:00Z,masculin,Royaume de Hongrie,,,
Émile Boirac,1851-08-26T00:00:00Z,masculin,France,,,
Anatoli Lounatcharski,1875-11-23T00:00:00Z,masculin,Union soviétique,,,
Anatoli Lounatcharski,1875-11-23T00:00:00Z,masculin,Empire russe,,,
Anatoli Lounatcharski,1875-11-23T00:00:00Z,masculin,Russie soviétique,,,
Arthur Balfour,1848-07-25T00:00:00Z,masculin,Royaume-Uni,,,
Arthur Balfour,1848-07-25T00:00:00Z,masculin,Royaume-Uni de Grande-Bretagne et d'Irlande,,,
Samuel Huntington,1927-04-18T00:00:00Z,masculin,États-Unis,,,Francis Fukuyama
Samuel Huntington,1927-04-18T00:00:00Z,masculin,États-Unis,,,John Mearsheimer
Cai Yuanpei,1868-01-11T00:00:00Z,masculin,dynastie Qing,,,
Cai Yuanpei,1868-01-11T00:00:00Z,masculin,république de Chine,,,
Louis Couturat,1868-01-17T00:00:00Z,masculin,France,,Alphonse Darlu,
Ferdinand Tönnies,1855-07-26T00:00:00Z,masculin,Allemagne,,Theodor Storm,Erich Rothacker
Ferdinand Tönnies,1855-07-26T00:00:00Z,masculin,Allemagne,,Adolph Wagner,Erich Rothacker
Ferdinand Tönnies,1855-07-26T00:00:00Z,masculin,Allemagne,,Ernst Engel,Erich Rothacker
Ferdinand Tönnies,1855-07-26T00:00:00Z,masculin,Allemagne,,Wilhelm Wundt,Erich Rothacker
Ferdinand Tönnies,1855-07-26T00:00:00Z,masculin,Allemagne,,Richard Böckh,Erich Rothacker
Auguste Forel,1848-09-01T00:00:00Z,masculin,Suisse,,Theodor Hermann Meynert,
Friedrich Schiller,1759-11-10T00:00:00Z,masculin,duché de Saxe-Weimar,Sturm und Drang,Balthasar Haug,
Friedrich Schiller,1759-11-10T00:00:00Z,masculin,duché de Wurtemberg,Sturm und Drang,Balthasar Haug,
Friedrich Schiller,1759-11-10T00:00:00Z,masculin,duché de Saxe-Weimar,Classicisme de Weimar,Balthasar Haug,
Friedrich Schiller,1759-11-10T00:00:00Z,masculin,duché de Wurtemberg,Classicisme de Weimar,Balthasar Haug,
Curtis Anthony Anderson,1940-05-29T00:00:00Z,masculin,États-Unis,,,
William Hirstein,1966-01-01T00:00:00Z,masculin,États-Unis,,,
Quentin Smith,1952-08-27T00:00:00Z,masculin,États-Unis,,,
Kit Fine,1946-03-26T00:00:00Z,masculin,Royaume-Uni,,,Steven Kuhn
Otto Jespersen,1860-07-16T00:00:00Z,masculin,Royaume du Danemark,,,
Joseph Gredt,1863-07-30T00:00:00Z,masculin,Luxembourg,,,
Thomas Young,1773-06-13T00:00:00Z,masculin,Royaume-Uni de Grande-Bretagne et d'Irlande,,,
Hermann Hesse,1877-07-02T00:00:00Z,masculin,Suisse,existentialisme,,
Hermann Hesse,1877-07-02T00:00:00Z,masculin,Allemagne,existentialisme,,
Hermann Hesse,1877-07-02T00:00:00Z,masculin,Empire allemand,existentialisme,,
Innokenti Annenski,1855-09-01T00:00:00Z,masculin,Empire russe,,,
Anton Szandor LaVey,1930-04-11T00:00:00Z,masculin,États-Unis,,,
Noam Chomsky,1928-12-07T00:00:00Z,masculin,États-Unis,mouvement antiguerre,Zellig Harris,
Noam Chomsky,1928-12-07T00:00:00Z,masculin,États-Unis,athéisme,Nelson Goodman,
Noam Chomsky,1928-12-07T00:00:00Z,masculin,États-Unis,nouvelle gauche,Nelson Goodman,
Noam Chomsky,1928-12-07T00:00:00Z,masculin,États-Unis,anarcho-syndicalisme,Nelson Goodman,
Noam Chomsky,1928-12-07T00:00:00Z,masculin,États-Unis,mouvement antiguerre,Nelson Goodman,
Karl Marx,1818-05-05T00:00:00Z,masculin,Royaume-Uni,,Friedrich Gottlieb Welcker,
Karl Marx,1818-05-05T00:00:00Z,masculin,Royaume de Prusse,,Friedrich Gottlieb Welcker,
Karl Marx,1818-05-05T00:00:00Z,masculin,apatride,,Friedrich Gottlieb Welcker,
Georg Wilhelm Friedrich Hegel,1770-08-27T00:00:00Z,masculin,Royaume du Wurtemberg,historicisme,,Max Stirner
Georg Wilhelm Friedrich Hegel,1770-08-27T00:00:00Z,masculin,Royaume du Wurtemberg,idéalisme allemand,,Max Stirner
Georg Wilhelm Friedrich Hegel,1770-08-27T00:00:00Z,masculin,Royaume du Wurtemberg,hégélianisme,,Max Stirner
Emmanuel Kant,1724-04-22T00:00:00Z,masculin,Royaume de Prusse,siècle des Lumières,Martin Knutzen,Jacob Sigismund Beck
Emmanuel Kant,1724-04-22T00:00:00Z,masculin,Royaume de Prusse,idéalisme allemand,Martin Knutzen,Jacob Sigismund Beck
Emmanuel Kant,1724-04-22T00:00:00Z,masculin,Royaume de Prusse,siècle des Lumières,Johann Gottfried Teske,Jacob Sigismund Beck
Emmanuel Kant,1724-04-22T00:00:00Z,masculin,Royaume de Prusse,siècle des Lumières,Martin Knutzen,Marcus Herz
Emmanuel Kant,1724-04-22T00:00:00Z,masculin,Royaume de Prusse,idéalisme allemand,Martin Knutzen,Marcus Herz
Emmanuel Kant,1724-04-22T00:00:00Z,masculin,Royaume de Prusse,siècle des Lumières,Johann Gottfried Teske,Marcus Herz
Emmanuel Kant,1724-04-22T00:00:00Z,masculin,Royaume de Prusse,siècle des Lumières,Martin Knutzen,Christian Jakob Kraus
Emmanuel Kant,1724-04-22T00:00:00Z,masculin,Royaume de Prusse,idéalisme allemand,Martin Knutzen,Christian Jakob Kraus
Emmanuel Kant,1724-04-22T00:00:00Z,masculin,Royaume de Prusse,siècle des Lumières,Johann Gottfried Teske,Christian Jakob Kraus
Emmanuel Kant,1724-04-22T00:00:00Z,masculin,Royaume de Prusse,siècle des Lumières,Martin Knutzen,Johann Gottlieb Fichte
Emmanuel Kant,1724-04-22T00:00:00Z,masculin,Royaume de Prusse,idéalisme allemand,Martin Knutzen,Johann Gottlieb Fichte
Emmanuel Kant,1724-04-22T00:00:00Z,masculin,Royaume de Prusse,siècle des Lumières,Johann Gottfried Teske,Johann Gottlieb Fichte
Hieronymus Lorm,1821-08-09T00:00:00Z,masculin,Autriche-Hongrie,,,
Jacob Bernays,1824-09-11T00:00:00Z,masculin,Hambourg,,Friedrich Gottlieb Welcker,
Carl Göring,1841-04-28T00:00:00Z,masculin,Allemagne,,,
Carl Göring,1841-04-28T00:00:00Z,masculin,Empire allemand,,,
Gotthold Ephraim Lessing,1729-01-22T00:00:00Z,masculin,électorat de Saxe,,,
Albert Camus,1913-11-07T00:00:00Z,masculin,France,philosophie continentale,,
Friedrich Engels,1820-11-28T00:00:00Z,masculin,Royaume-Uni,,,
Friedrich Engels,1820-11-28T00:00:00Z,masculin,Royaume de Prusse,,,
Václav Havel,1936-10-05T00:00:00Z,masculin,Tchéquie,,,
Václav Havel,1936-10-05T00:00:00Z,masculin,Tchécoslovaquie,,,
David Hume,1711-05-07T00:00:00Z,masculin,royaume de Grande-Bretagne,siècle des Lumières,,
David Hume,1711-05-07T00:00:00Z,masculin,royaume de Grande-Bretagne,naturalisme,,
David Hume,1711-05-07T00:00:00Z,masculin,royaume de Grande-Bretagne,empirisme,,
David Hume,1711-05-07T00:00:00Z,masculin,royaume de Grande-Bretagne,scepticisme (philosophie),,
Fiodor Tiouttchev,1803-12-05T00:00:00Z,masculin,Empire russe,romantisme,,
Lewis Carroll,1832-01-27T00:00:00Z,masculin,Royaume-Uni de Grande-Bretagne et d'Irlande,,,
Arthur Schopenhauer,1788-02-22T00:00:00Z,masculin,Royaume de Prusse,irrationalisme,,
Lou Andreas-Salomé,1861-02-12T00:00:00Z,féminin,Reich allemand,,Sigmund Freud,
Paul Deussen,1845-01-07T00:00:00Z,masculin,Allemagne,,,Erich Rothacker
Mikhaïl Bakounine,1814-05-30T00:00:00Z,masculin,France,anarchisme,,
Mikhaïl Bakounine,1814-05-30T00:00:00Z,masculin,Russie,anarchisme,,
Mikhaïl Bakounine,1814-05-30T00:00:00Z,masculin,Empire russe,anarchisme,,
Mikhaïl Bakounine,1814-05-30T00:00:00Z,masculin,France,athéisme,,
Mikhaïl Bakounine,1814-05-30T00:00:00Z,masculin,Russie,athéisme,,
Mikhaïl Bakounine,1814-05-30T00:00:00Z,masculin,Empire russe,athéisme,,
Mikhaïl Bakounine,1814-05-30T00:00:00Z,masculin,France,philosophie occidentale,,
Mikhaïl Bakounine,1814-05-30T00:00:00Z,masculin,Russie,philosophie occidentale,,
Mikhaïl Bakounine,1814-05-30T00:00:00Z,masculin,Empire russe,philosophie occidentale,,
Mikhaïl Bakounine,1814-05-30T00:00:00Z,masculin,France,socialisme libertaire,,
Mikhaïl Bakounine,1814-05-30T00:00:00Z,masculin,Russie,socialisme libertaire,,
Mikhaïl Bakounine,1814-05-30T00:00:00Z,masculin,Empire russe,socialisme libertaire,,
Pehr Forsskål,1732-01-11T00:00:00Z,masculin,Suède,,,
Walter Block,1941-08-21T00:00:00Z,masculin,États-Unis,école autrichienne d'économie,,
Friedrich Paulsen,1846-07-16T00:00:00Z,masculin,Royaume de Prusse,,,Günther Jacoby
Luce Irigaray,1930-05-03T00:00:00Z,féminin,Belgique,,,
Luce Irigaray,1930-05-03T00:00:00Z,féminin,France,,,
Susanne von Klettenberg,1723-12-19T00:00:00Z,féminin,Allemagne,,,
Léon Denis,1846-01-01T00:00:00Z,masculin,France,,,
Ralph Barton Perry,1876-07-03T00:00:00Z,masculin,États-Unis,,,
Léon Trotski,1879-11-07T00:00:00Z,masculin,Mexique,trotskisme,,
Léon Trotski,1879-11-07T00:00:00Z,masculin,Union soviétique,trotskisme,,
Léon Trotski,1879-11-07T00:00:00Z,masculin,Empire russe,trotskisme,,
Léon Trotski,1879-11-07T00:00:00Z,masculin,république socialiste soviétique d'Ukraine,trotskisme,,
Léon Trotski,1879-11-07T00:00:00Z,masculin,Russie soviétique,trotskisme,,
Bertrand Russell,1872-05-18T00:00:00Z,masculin,Royaume-Uni,philosophie analytique,George Frederick Stout,Philip Jourdain
Bertrand Russell,1872-05-18T00:00:00Z,masculin,Royaume-Uni de Grande-Bretagne et d'Irlande,philosophie analytique,George Frederick Stout,Philip Jourdain
Bertrand Russell,1872-05-18T00:00:00Z,masculin,Royaume-Uni,libre-pensée,George Frederick Stout,Philip Jourdain
Bertrand Russell,1872-05-18T00:00:00Z,masculin,Royaume-Uni de Grande-Bretagne et d'Irlande,libre-pensée,George Frederick Stout,Philip Jourdain
Bertrand Russell,1872-05-18T00:00:00Z,masculin,Royaume-Uni,philosophie occidentale,George Frederick Stout,Philip Jourdain
Bertrand Russell,1872-05-18T00:00:00Z,masculin,Royaume-Uni de Grande-Bretagne et d'Irlande,philosophie occidentale,George Frederick Stout,Philip Jourdain
Paul Rée,1849-11-21T00:00:00Z,masculin,Royaume de Prusse,positivisme,,
Robert von Mohl,1799-08-17T00:00:00Z,masculin,Royaume du Wurtemberg,,,Albert Hänel
Ernst Bloch,1885-07-08T00:00:00Z,masculin,Allemagne,surréalisme,,
Ernst Bloch,1885-07-08T00:00:00Z,masculin,Tchéquie,surréalisme,,
Ernst Zermelo,1871-07-27T00:00:00Z,masculin,Allemagne,,Lazarus Fuchs,
Hans Jonas,1903-05-10T00:00:00Z,masculin,Allemagne,,,
Auguste Schlegel,1767-09-08T00:00:00Z,masculin,royaume de Hanovre,romantisme,,Albert de Saxe-Cobourg-Gotha
Auguste Schlegel,1767-09-08T00:00:00Z,masculin,royaume de Hanovre,Premier romantisme allemand,,Albert de Saxe-Cobourg-Gotha
Auguste Schlegel,1767-09-08T00:00:00Z,masculin,royaume de Hanovre,Romantisme allemand,,Albert de Saxe-Cobourg-Gotha
Robert Michels,1876-01-09T00:00:00Z,masculin,Allemagne,,,
Robert Michels,1876-01-09T00:00:00Z,masculin,royaume d'Italie,,,
Carl Stumpf,1848-04-21T00:00:00Z,masculin,Allemagne,,Franz Brentano,Edmund Husserl
Carl Stumpf,1848-04-21T00:00:00Z,masculin,Allemagne,,Rudolf Hermann Lotze,Edmund Husserl
Carl Stumpf,1848-04-21T00:00:00Z,masculin,Allemagne,,Franz Brentano,Erich Rothacker
Carl Stumpf,1848-04-21T00:00:00Z,masculin,Allemagne,,Rudolf Hermann Lotze,Erich Rothacker
Carl Stumpf,1848-04-21T00:00:00Z,masculin,Allemagne,,Franz Brentano,Hans Cornelius
Carl Stumpf,1848-04-21T00:00:00Z,masculin,Allemagne,,Rudolf Hermann Lotze,Hans Cornelius
Georg Christoph Lichtenberg,1742-07-01T00:00:00Z,masculin,landgraviat de Hesse-Darmstadt,,,Alexander von Humboldt
Georg Christoph Lichtenberg,1742-07-01T00:00:00Z,masculin,landgraviat de Hesse-Darmstadt,,,Carl Friedrich Kielmeyer
Georg Christoph Lichtenberg,1742-07-01T00:00:00Z,masculin,landgraviat de Hesse-Darmstadt,,,George Byng
Georg Christoph Lichtenberg,1742-07-01T00:00:00Z,masculin,landgraviat de Hesse-Darmstadt,,,Johann Georg Wilhelm von Raison
László Katus,1927-07-13T00:00:00Z,masculin,Hongrie,,,
Rudolf Hermann Lotze,1817-05-21T00:00:00Z,masculin,royaume de Saxe,,Gustav Fechner,Carl Stumpf
Rudolf Hermann Lotze,1817-05-21T00:00:00Z,masculin,royaume de Saxe,,Ernst Heinrich Weber,Carl Stumpf
Rudolf Hermann Lotze,1817-05-21T00:00:00Z,masculin,royaume de Saxe,,Gustav Fechner,Josiah Royce
Rudolf Hermann Lotze,1817-05-21T00:00:00Z,masculin,royaume de Saxe,,Ernst Heinrich Weber,Josiah Royce
Houston Stewart Chamberlain,1855-09-09T00:00:00Z,masculin,République de Weimar,,,
Houston Stewart Chamberlain,1855-09-09T00:00:00Z,masculin,Royaume-Uni de Grande-Bretagne et d'Irlande,,,
Franz Oppenheimer,1864-03-30T00:00:00Z,masculin,Allemagne,,,
Franz Oppenheimer,1864-03-30T00:00:00Z,masculin,Royaume de Prusse,,,
Franz Oppenheimer,1864-03-30T00:00:00Z,masculin,République de Weimar,,,
Franz Oppenheimer,1864-03-30T00:00:00Z,masculin,Empire allemand,,,
Hugo Münsterberg,1863-06-01T00:00:00Z,masculin,États-Unis,,,
Hugo Münsterberg,1863-07-01T00:00:00Z,masculin,États-Unis,,,
Hugo Münsterberg,1863-06-01T00:00:00Z,masculin,Royaume de Prusse,,,
Hugo Münsterberg,1863-07-01T00:00:00Z,masculin,Royaume de Prusse,,,
Johann Peter Eckermann,1792-09-21T00:00:00Z,masculin,royaume de Hanovre,,,
Antonio Patriota,1954-04-27T00:00:00Z,masculin,Brésil,,,
Robert von Mohl,1799-08-17T00:00:00Z,masculin,duché de Wurtemberg,,,Albert Hänel
Hermann Heller,1891-07-17T00:00:00Z,masculin,Autriche,,,
Hermann Heller,1891-07-17T00:00:00Z,masculin,République de Weimar,,,
Lujo Brentano,1844-12-18T00:00:00Z,masculin,Empire allemand,,,Rudolf Meerwarth
Ludwig Büchner,1824-03-29T00:00:00Z,masculin,grand-duché de Hesse,athéisme,,
Ludwig Büchner,1824-03-29T00:00:00Z,masculin,grand-duché de Hesse,libre-pensée,,
Ludwig Büchner,1824-03-29T00:00:00Z,masculin,grand-duché de Hesse,scientific materialism,,
Ted Nelson,1937-06-17T00:00:00Z,masculin,États-Unis,,,
Walter Kaufmann,1921-07-01T00:00:00Z,masculin,États-Unis,philosophie continentale,,
Walter Kaufmann,1921-07-01T00:00:00Z,masculin,Allemagne,philosophie continentale,,
Walter Kaufmann,1921-07-01T00:00:00Z,masculin,États-Unis,philosophie occidentale,,
Walter Kaufmann,1921-07-01T00:00:00Z,masculin,Allemagne,philosophie occidentale,,
Johannes Nikolaus Tetens,1736-09-16T00:00:00Z,masculin,Allemagne,,,
Johannes Nikolaus Tetens,1736-09-16T00:00:00Z,masculin,Royaume du Danemark,,,
Albrecht Ritschl,1822-03-25T00:00:00Z,masculin,Royaume de Prusse,,,
Adam Müller,1779-06-30T00:00:00Z,masculin,Royaume de Prusse,,,
Franz Leopold Neumann,1900-05-23T00:00:00Z,masculin,République de Weimar,,,
Franz Leopold Neumann,1900-05-23T00:00:00Z,masculin,Empire allemand,,,
Robert Spaemann,1927-05-05T00:00:00Z,masculin,Allemagne,,,
Christian August Crusius,1715-01-10T00:00:00Z,masculin,Royaume de Prusse,,,
Johann Salomo Semler,1725-12-18T00:00:00Z,masculin,Allemagne,,Siegmund Jakob Baumgarten,Raymund Dapp
Karl Lamprecht,1856-02-25T00:00:00Z,masculin,Royaume de Prusse,,,
Arthur Drews,1865-11-01T00:00:00Z,masculin,Allemagne,,,
Ozjasz Thon,1870-02-13T00:00:00Z,masculin,Pologne,,,
Ozjasz Thon,1870-02-13T00:00:00Z,masculin,Autriche-Hongrie,,,
Odo Marquard,1928-02-26T00:00:00Z,masculin,Allemagne,,,
Paul Oskar Kristeller,1905-05-22T00:00:00Z,masculin,États-Unis,,,James Hankins
Paul Oskar Kristeller,1905-05-22T00:00:00Z,masculin,Allemagne,,,James Hankins
Paul Oskar Kristeller,1905-05-22T00:00:00Z,masculin,États-Unis,,,Ronald G. Witt
Paul Oskar Kristeller,1905-05-22T00:00:00Z,masculin,Allemagne,,,Ronald G. Witt
Paul Oskar Kristeller,1905-05-22T00:00:00Z,masculin,États-Unis,,,Neal Ward Gilbert
Paul Oskar Kristeller,1905-05-22T00:00:00Z,masculin,Allemagne,,,Neal Ward Gilbert
Paul Kirchhoff,1900-08-17T00:00:00Z,masculin,Mexique,,,
Paul Kirchhoff,1900-08-17T00:00:00Z,masculin,République de Weimar,,,
Paul Kirchhoff,1900-08-17T00:00:00Z,masculin,Empire allemand,,,
Heinrich Steffens,1773-05-02T00:00:00Z,masculin,Norvège,,,Karl Otfried Müller
Heinrich Steffens,1773-05-02T00:00:00Z,masculin,Royaume de Prusse,,,Karl Otfried Müller
Friedrich von Adelung,1768-02-25T00:00:00Z,masculin,Royaume de Prusse,,,
Friedrich von Adelung,1768-02-25T00:00:00Z,masculin,Empire russe,,,
Ruth Kinna,1961-03-01T00:00:00Z,féminin,Royaume-Uni,,,
Viktor von Weizsäcker,1886-04-21T00:00:00Z,masculin,Allemagne,,,
Hermann Kretzschmar,1848-01-19T00:00:00Z,masculin,Allemagne,,,
Jiří Gruša,1938-11-10T00:00:00Z,masculin,Allemagne,,,
Jiří Gruša,1938-11-10T00:00:00Z,masculin,Tchéquie,,,
Jiří Gruša,1938-11-10T00:00:00Z,masculin,Tchécoslovaquie,,,
Jiří Gruša,1938-11-10T00:00:00Z,masculin,Allemagne de l'Ouest,,,
Jakob Friedrich von Abel,1751-05-09T00:00:00Z,masculin,Allemagne,,,
Johann Eduard Erdmann,1805-06-13T00:00:00Z,masculin,Royaume de Prusse,,,
Johann Eduard Erdmann,1805-06-13T00:00:00Z,masculin,Empire russe,,,
Georg Friedrich Daumer,1800-03-05T00:00:00Z,masculin,royaume de Bavière,,,
Walter F. Otto,1874-06-22T00:00:00Z,masculin,Allemagne,,,Hermann Bengtson
Georg Hermes,1775-04-22T00:00:00Z,masculin,Royaume de Prusse,,,
Otto Liebmann,1840-02-25T00:00:00Z,masculin,Royaume de Prusse,,,
Justus Möser,1720-12-14T00:00:00Z,masculin,Allemagne,,,
Ernst Nolte,1923-01-11T00:00:00Z,masculin,Allemagne,,Martin Heidegger,
Robert Kurz,1943-12-24T00:00:00Z,masculin,Allemagne,critique de la valeur,,
Leonard Nelson,1882-07-11T00:00:00Z,masculin,Allemagne,,,
Lorenz Christoph Mizler,1711-07-26T00:00:00Z,masculin,Allemagne,,,
Carl Friedrich von Weizsäcker,1912-06-28T00:00:00Z,masculin,Allemagne,,,
Carl Friedrich von Weizsäcker,1912-06-28T00:00:00Z,masculin,Royaume du Wurtemberg,,,
Pirkko-Liisa Lehtosalo-Hilander,1934-06-09T00:00:00Z,féminin,Finlande,,,
Alfred Bäumler,1887-11-19T00:00:00Z,masculin,Allemagne,,,
Philipp Konrad Marheineke,1780-04-23T00:00:00Z,masculin,royaume de Hanovre,,,Bruno Bauer
Philipp Konrad Marheineke,1780-05-01T00:00:00Z,masculin,royaume de Hanovre,,,Bruno Bauer
Ernst Laas,1837-06-16T00:00:00Z,masculin,Royaume de Prusse,,,Paul Natorp
Erich Adickes,1866-06-29T00:00:00Z,masculin,Empire allemand,,,
Dieter Henrich,1927-01-05T00:00:00Z,masculin,Allemagne,,,
Friedrich Wilhelm Foerster,1869-06-02T00:00:00Z,masculin,Allemagne,,,
Adolf Reinach,1883-12-23T00:00:00Z,masculin,grand-duché de Hesse,,,
Friedrich Meinecke,1862-10-30T00:00:00Z,masculin,Allemagne,,,
Rudolf Bahro,1935-11-18T00:00:00Z,masculin,Allemagne,,,
Rudolf Bahro,1935-11-18T00:00:00Z,masculin,République démocratique allemande,,,
Salomon Munk,1803-05-14T00:00:00Z,masculin,France,,,
Salomon Munk,1803-05-14T00:00:00Z,masculin,Royaume de Prusse,,,
Bassam Tibi,1944-04-04T00:00:00Z,masculin,Allemagne,,,
Bassam Tibi,1944-04-04T00:00:00Z,masculin,Syrie,,,
Martin Gerbert,1720-08-11T00:00:00Z,masculin,Allemagne,,,
Martin Gerbert,1720-08-13T00:00:00Z,masculin,Allemagne,,,
Friedrich Karl Forberg,1770-08-30T00:00:00Z,masculin,duché de Saxe-Altenbourg,,,
Gotthilf Heinrich von Schubert,1780-04-26T00:00:00Z,masculin,royaume de Saxe,,,
Eugen Rosenstock-Huessy,1888-07-06T00:00:00Z,masculin,États-Unis,,,
Eugen Rosenstock-Huessy,1888-07-06T00:00:00Z,masculin,Allemagne,,,
Thomas Pogge,1953-08-13T00:00:00Z,masculin,Allemagne,,,
Rudolf Haym,1821-10-05T00:00:00Z,masculin,Royaume de Prusse,,,
Thomas Metzinger,1958-03-12T00:00:00Z,masculin,Allemagne,athéisme,,
Ludwig Geiger,1848-06-05T00:00:00Z,masculin,Reich allemand,,,
Moritz Wilhelm Drobisch,1802-08-16T00:00:00Z,masculin,royaume de Saxe,,Karl Mollweide,
Moritz Wilhelm Drobisch,1802-08-16T00:00:00Z,masculin,royaume de Saxe,,Wilhelm Traugott Krug,
Stefan Klein,1965-10-05T00:00:00Z,masculin,Allemagne,,,
Johann Karl Simon Morgenstern,1770-08-28T00:00:00Z,masculin,Royaume de Prusse,,,
Johann Karl Simon Morgenstern,1770-08-28T00:00:00Z,masculin,Empire russe,,,
Johann Heinrich Abicht,1762-05-04T00:00:00Z,masculin,Empire russe,,,
Johann Heinrich Abicht,1762-05-04T00:00:00Z,masculin,principauté de Schwarzbourg-Rudolstadt,,,
Karl von Eckartshausen,1752-06-28T00:00:00Z,masculin,Allemagne,,,
Edgar Bauer,1820-10-07T00:00:00Z,masculin,Royaume de Prusse,,,
Otto Friedrich Bollnow,1903-03-14T00:00:00Z,masculin,Allemagne,,,
Hedwig Conrad-Martius,1888-02-27T00:00:00Z,féminin,Allemagne,,,
Friedrich Georg Jünger,1898-09-01T00:00:00Z,masculin,Allemagne,,,
Alexander Mitscherlich,1908-09-20T00:00:00Z,masculin,Allemagne,,,
Friedrich Hielscher,1902-05-31T00:00:00Z,masculin,Allemagne,,,
Emil Fackenheim,1916-06-22T00:00:00Z,masculin,Allemagne,,,
Gerhart Riegner,1911-09-12T00:00:00Z,masculin,Allemagne,,,
Werner Hamacher,1948-04-27T00:00:00Z,masculin,Allemagne,,,
Walther Kranz,1884-11-23T00:00:00Z,masculin,Allemagne,,Ulrich von Wilamowitz-Moellendorff,
Karl Joel,1864-03-27T00:00:00Z,masculin,Allemagne,,,
Carl Heinrich Becker,1876-04-12T00:00:00Z,masculin,Allemagne,,,
Johann David Michaelis,1717-02-27T00:00:00Z,masculin,Royaume de Prusse,,Siegmund Jakob Baumgarten,August Ludwig Schlözer
Johann David Michaelis,1717-02-27T00:00:00Z,masculin,Royaume de Prusse,,Christian Benedict Michaelis,August Ludwig Schlözer
Johann David Michaelis,1717-02-27T00:00:00Z,masculin,Royaume de Prusse,,Siegmund Jakob Baumgarten,Johann Gottfried Eichhorn
Johann David Michaelis,1717-02-27T00:00:00Z,masculin,Royaume de Prusse,,Christian Benedict Michaelis,Johann Gottfried Eichhorn
Johann David Michaelis,1717-02-27T00:00:00Z,masculin,Royaume de Prusse,,Siegmund Jakob Baumgarten,Johann August von Starck
Johann David Michaelis,1717-02-27T00:00:00Z,masculin,Royaume de Prusse,,Christian Benedict Michaelis,Johann August von Starck
Gotthard Günther,1900-06-15T00:00:00Z,masculin,Allemagne,,,
Dietrich Tiedemann,1748-04-03T00:00:00Z,masculin,Allemagne,,,
Ernst Tugendhat,1930-03-08T00:00:00Z,masculin,Allemagne,,,
Grete Hermann,1901-03-02T00:00:00Z,féminin,Royaume-Uni,,Emmy Noether,
Grete Hermann,1901-03-02T00:00:00Z,féminin,Allemagne,,Emmy Noether,
Grete Hermann,1901-03-02T00:00:00Z,féminin,Royaume-Uni,,Edmund Landau,
Grete Hermann,1901-03-02T00:00:00Z,féminin,Allemagne,,Edmund Landau,
Friedrich Blume,1893-01-05T00:00:00Z,masculin,Allemagne,,,
Eduard Gans,1797-03-22T00:00:00Z,masculin,Royaume de Prusse,,,
Eduard Gans,1798-03-22T00:00:00Z,masculin,Royaume de Prusse,,,
Heinrich Eberhard Gottlob Paulus,1761-09-01T00:00:00Z,masculin,Royaume du Wurtemberg,,,
Mircea Eliade,1907-03-22T00:00:00Z,masculin,États-Unis,,,
Mircea Eliade,1907-03-22T00:00:00Z,masculin,royaume de Roumanie,,,
Mircea Eliade,1907-03-22T00:00:00Z,masculin,République socialiste de Roumanie,,,
Henri Bergson,1859-10-18T00:00:00Z,masculin,France,philosophie continentale,Émile Boutroux,Marcel Proust
Henri Bergson,1859-10-18T00:00:00Z,masculin,France,philosophie continentale,Félix Ravaisson,Marcel Proust
Henri Bergson,1859-10-18T00:00:00Z,masculin,France,philosophie continentale,Émile Boutroux,Gabriel Marcel
Henri Bergson,1859-10-18T00:00:00Z,masculin,France,philosophie continentale,Félix Ravaisson,Gabriel Marcel
Henri Bergson,1859-10-18T00:00:00Z,masculin,France,philosophie continentale,Émile Boutroux,Émile Bréhier
Henri Bergson,1859-10-18T00:00:00Z,masculin,France,philosophie continentale,Félix Ravaisson,Émile Bréhier
Henri Bergson,1859-10-18T00:00:00Z,masculin,France,philosophie continentale,Émile Boutroux,Louis Lavelle
Henri Bergson,1859-10-18T00:00:00Z,masculin,France,philosophie continentale,Félix Ravaisson,Louis Lavelle
Henri Bergson,1859-10-18T00:00:00Z,masculin,France,philosophie continentale,Émile Boutroux,Albert Thibaudet
Henri Bergson,1859-10-18T00:00:00Z,masculin,France,philosophie continentale,Félix Ravaisson,Albert Thibaudet
Henri Bergson,1859-10-18T00:00:00Z,masculin,France,philosophie continentale,Émile Boutroux,Joseph Baruzi
Henri Bergson,1859-10-18T00:00:00Z,masculin,France,philosophie continentale,Félix Ravaisson,Joseph Baruzi
Sully Prudhomme,1839-03-16T00:00:00Z,masculin,France,,,
André Léonard,1940-05-06T00:00:00Z,masculin,Belgique,,,
Richard David Precht,1964-12-08T00:00:00Z,masculin,Allemagne,,,
Michel Foucault,1926-10-15T00:00:00Z,masculin,France,athéisme,Louis Althusser,Jacques Derrida
Michel Foucault,1926-10-15T00:00:00Z,masculin,France,philosophie continentale,Louis Althusser,Jacques Derrida
Michel Foucault,1926-10-15T00:00:00Z,masculin,France,post-structuralisme,Louis Althusser,Jacques Derrida
Michel Foucault,1926-10-15T00:00:00Z,masculin,France,athéisme,Maurice Merleau-Ponty,Jacques Derrida
Michel Foucault,1926-10-15T00:00:00Z,masculin,France,philosophie continentale,Maurice Merleau-Ponty,Jacques Derrida
Michel Foucault,1926-10-15T00:00:00Z,masculin,France,post-structuralisme,Maurice Merleau-Ponty,Jacques Derrida
Michel Foucault,1926-10-15T00:00:00Z,masculin,France,athéisme,Georges Canguilhem,Jacques Derrida
Michel Foucault,1926-10-15T00:00:00Z,masculin,France,philosophie continentale,Georges Canguilhem,Jacques Derrida
Michel Foucault,1926-10-15T00:00:00Z,masculin,France,post-structuralisme,Georges Canguilhem,Jacques Derrida
Michel Foucault,1926-10-15T00:00:00Z,masculin,France,athéisme,Jean Hyppolite,Jacques Derrida
Michel Foucault,1926-10-15T00:00:00Z,masculin,France,philosophie continentale,Jean Hyppolite,Jacques Derrida
Michel Foucault,1926-10-15T00:00:00Z,masculin,France,post-structuralisme,Jean Hyppolite,Jacques Derrida
Michel Foucault,1926-10-15T00:00:00Z,masculin,France,athéisme,Daniel Lagache,Jacques Derrida
Michel Foucault,1926-10-15T00:00:00Z,masculin,France,philosophie continentale,Daniel Lagache,Jacques Derrida
Michel Foucault,1926-10-15T00:00:00Z,masculin,France,post-structuralisme,Daniel Lagache,Jacques Derrida
Pierre-Simon de Laplace,1749-03-23T00:00:00Z,masculin,France,,Christophe Gadbled,
Jean-Henri Newman,1801-02-21T00:00:00Z,masculin,Royaume-Uni de Grande-Bretagne et d'Irlande,,,Hilaire Belloc
Peter Sloterdijk,1947-06-26T00:00:00Z,masculin,Allemagne,,,Marc Jongen
Daisetz Teitaro Suzuki,1870-10-18T00:00:00Z,masculin,Japon,,Shaku Soyen,
Daisetz Teitaro Suzuki,1870-10-18T00:00:00Z,masculin,Japon,,Takeda Mokurai,
Romano Guardini,1885-02-17T00:00:00Z,masculin,Allemagne,,,
Judith Sargent Murray,1751-05-01T00:00:00Z,féminin,États-Unis,,,
Kitarō Nishida,1870-05-19T00:00:00Z,masculin,Japon,École de Kyoto,Hōjō Tokiyuki,
Rainer Woelki,1956-08-18T00:00:00Z,masculin,Allemagne,,,
Joachim Heinrich Campe,1746-06-29T00:00:00Z,masculin,duché de Brunswick,,,
Alfred Kolleritsch,1931-02-16T00:00:00Z,masculin,Autriche,,,
Harald Lesch,1960-07-28T00:00:00Z,masculin,Allemagne,,,
Hans-Josef Becker,1948-06-18T00:00:00Z,masculin,Allemagne,,,
Anton Stres,1942-12-15T00:00:00Z,masculin,Slovénie,,,
Jacques Maritain,1882-11-18T00:00:00Z,masculin,France,droits humains,Henri Bergson,
Jacques Maritain,1882-11-18T00:00:00Z,masculin,France,démocratie chrétienne,Henri Bergson,
Jacques Maritain,1882-11-18T00:00:00Z,masculin,France,humanisme chrétien,Henri Bergson,
Jacques Maritain,1882-11-18T00:00:00Z,masculin,France,personnalisme communautaire,Henri Bergson,
Charles Babbage,1791-12-26T00:00:00Z,masculin,Royaume-Uni de Grande-Bretagne et d'Irlande,,,
Octavio Paz,1914-03-31T00:00:00Z,masculin,Mexique,surréalisme,,
Octavio Paz,1914-03-31T00:00:00Z,masculin,Seconde République espagnole,surréalisme,,
Octavio Paz,1914-03-31T00:00:00Z,masculin,Mexique,modernisme,,
Octavio Paz,1914-03-31T00:00:00Z,masculin,Seconde République espagnole,modernisme,,
Louis-Claude de Saint-Martin,1743-01-18T00:00:00Z,masculin,France,mystique,,
Vivekananda,1863-01-12T00:00:00Z,masculin,Raj britannique,,Râmakrishna,Sœur Nivedita
Vivekananda,1863-01-12T00:00:00Z,masculin,Raj britannique,,Râmakrishna,Shuddhananda Bharati
Vivekananda,1863-01-12T00:00:00Z,masculin,Raj britannique,,Râmakrishna,Swami Swarupananda
Vivekananda,1863-01-12T00:00:00Z,masculin,Raj britannique,,Râmakrishna,Swami Virajananda
Vivekananda,1863-01-12T00:00:00Z,masculin,Raj britannique,,Râmakrishna,Swami Paramananda
Vivekananda,1863-01-12T00:00:00Z,masculin,Raj britannique,,Râmakrishna,William Hastie
Hu Shi,1891-12-17T00:00:00Z,masculin,Taïwan,Mouvement pour la nouvelle culture,,
Hu Shi,1891-12-17T00:00:00Z,masculin,dynastie Qing,Mouvement pour la nouvelle culture,,
Hu Shi,1891-12-17T00:00:00Z,masculin,république de Chine,Mouvement pour la nouvelle culture,,
Hu Shi,1891-12-17T00:00:00Z,masculin,Taïwan,Q10264717,,
Hu Shi,1891-12-17T00:00:00Z,masculin,dynastie Qing,Q10264717,,
Hu Shi,1891-12-17T00:00:00Z,masculin,république de Chine,Q10264717,,
Rudolf Christoph Eucken,1846-01-05T00:00:00Z,masculin,Royaume de Prusse,philosophie continentale,,Maria Bezobrazova
Rudolf Christoph Eucken,1846-01-05T00:00:00Z,masculin,République de Weimar,philosophie continentale,,Maria Bezobrazova
Rudolf Christoph Eucken,1846-01-05T00:00:00Z,masculin,Empire allemand,philosophie continentale,,Maria Bezobrazova
Rudolf Christoph Eucken,1846-01-05T00:00:00Z,masculin,Royaume de Prusse,idéalisme allemand,,Maria Bezobrazova
Rudolf Christoph Eucken,1846-01-05T00:00:00Z,masculin,République de Weimar,idéalisme allemand,,Maria Bezobrazova
Rudolf Christoph Eucken,1846-01-05T00:00:00Z,masculin,Empire allemand,idéalisme allemand,,Maria Bezobrazova
Khalil Gibran,1883-01-06T00:00:00Z,masculin,Empire ottoman,symbolisme,Pierre Amédée Marcel-Béronneau,
Khalil Gibran,1883-01-06T00:00:00Z,masculin,République libanaise sous mandat français,symbolisme,Pierre Amédée Marcel-Béronneau,
Khalil Gibran,1883-01-06T00:00:00Z,masculin,État du Grand Liban,symbolisme,Pierre Amédée Marcel-Béronneau,
Khalil Gibran,1883-01-06T00:00:00Z,masculin,Empire ottoman,Mahjar,Pierre Amédée Marcel-Béronneau,
Khalil Gibran,1883-01-06T00:00:00Z,masculin,République libanaise sous mandat français,Mahjar,Pierre Amédée Marcel-Béronneau,
Khalil Gibran,1883-01-06T00:00:00Z,masculin,État du Grand Liban,Mahjar,Pierre Amédée Marcel-Béronneau,
Ralph Waldo Emerson,1803-05-25T00:00:00Z,masculin,États-Unis,philosophie occidentale,,
Ernst Haeckel,1834-02-16T00:00:00Z,masculin,Royaume de Prusse,,Franz von Leydig,Oscar Hertwig
Ernst Haeckel,1834-02-16T00:00:00Z,masculin,République de Weimar,,Franz von Leydig,Oscar Hertwig
Ernst Haeckel,1834-02-16T00:00:00Z,masculin,Empire allemand,,Franz von Leydig,Oscar Hertwig
Ernst Haeckel,1834-02-16T00:00:00Z,masculin,Royaume de Prusse,,Rudolf Virchow,Oscar Hertwig
Ernst Haeckel,1834-02-16T00:00:00Z,masculin,République de Weimar,,Rudolf Virchow,Oscar Hertwig
Ernst Haeckel,1834-02-16T00:00:00Z,masculin,Empire allemand,,Rudolf Virchow,Oscar Hertwig
Ernst Haeckel,1834-02-16T00:00:00Z,masculin,Royaume de Prusse,,Albert von Kölliker,Oscar Hertwig
Ernst Haeckel,1834-02-16T00:00:00Z,masculin,République de Weimar,,Albert von Kölliker,Oscar Hertwig
Ernst Haeckel,1834-02-16T00:00:00Z,masculin,Empire allemand,,Albert von Kölliker,Oscar Hertwig
Ernst Haeckel,1834-02-16T00:00:00Z,masculin,Royaume de Prusse,,Franz von Leydig,Nikolaï Mikloukho-Maklaï
Ernst Haeckel,1834-02-16T00:00:00Z,masculin,République de Weimar,,Franz von Leydig,Nikolaï Mikloukho-Maklaï
Ernst Haeckel,1834-02-16T00:00:00Z,masculin,Empire allemand,,Franz von Leydig,Nikolaï Mikloukho-Maklaï
Ernst Haeckel,1834-02-16T00:00:00Z,masculin,Royaume de Prusse,,Rudolf Virchow,Nikolaï Mikloukho-Maklaï
Ernst Haeckel,1834-02-16T00:00:00Z,masculin,République de Weimar,,Rudolf Virchow,Nikolaï Mikloukho-Maklaï
Ernst Haeckel,1834-02-16T00:00:00Z,masculin,Empire allemand,,Rudolf Virchow,Nikolaï Mikloukho-Maklaï
Ernst Haeckel,1834-02-16T00:00:00Z,masculin,Royaume de Prusse,,Albert von Kölliker,Nikolaï Mikloukho-Maklaï
Ernst Haeckel,1834-02-16T00:00:00Z,masculin,République de Weimar,,Albert von Kölliker,Nikolaï Mikloukho-Maklaï
Ernst Haeckel,1834-02-16T00:00:00Z,masculin,Empire allemand,,Albert von Kölliker,Nikolaï Mikloukho-Maklaï
Ernst Haeckel,1834-02-16T00:00:00Z,masculin,Royaume de Prusse,,Franz von Leydig,Heinrich Höhr
Ernst Haeckel,1834-02-16T00:00:00Z,masculin,République de Weimar,,Franz von Leydig,Heinrich Höhr
Ernst Haeckel,1834-02-16T00:00:00Z,masculin,Empire allemand,,Franz von Leydig,Heinrich Höhr
Ernst Haeckel,1834-02-16T00:00:00Z,masculin,Royaume de Prusse,,Rudolf Virchow,Heinrich Höhr
Ernst Haeckel,1834-02-16T00:00:00Z,masculin,République de Weimar,,Rudolf Virchow,Heinrich Höhr
Ernst Haeckel,1834-02-16T00:00:00Z,masculin,Empire allemand,,Rudolf Virchow,Heinrich Höhr
Ernst Haeckel,1834-02-16T00:00:00Z,masculin,Royaume de Prusse,,Albert von Kölliker,Heinrich Höhr
Ernst Haeckel,1834-02-16T00:00:00Z,masculin,République de Weimar,,Albert von Kölliker,Heinrich Höhr
Ernst Haeckel,1834-02-16T00:00:00Z,masculin,Empire allemand,,Albert von Kölliker,Heinrich Höhr
Martin Heidegger,1889-09-26T00:00:00Z,masculin,Troisième Reich,Révolution conservatrice,Edmund Husserl,Karl Rahner
Martin Heidegger,1889-09-26T00:00:00Z,masculin,République de Weimar,Révolution conservatrice,Edmund Husserl,Karl Rahner
Martin Heidegger,1889-09-26T00:00:00Z,masculin,Allemagne de l'Ouest,Révolution conservatrice,Edmund Husserl,Karl Rahner
Martin Heidegger,1889-09-26T00:00:00Z,masculin,Troisième Reich,Révolution conservatrice,Heinrich Rickert,Karl Rahner
Martin Heidegger,1889-09-26T00:00:00Z,masculin,République de Weimar,Révolution conservatrice,Heinrich Rickert,Karl Rahner
Martin Heidegger,1889-09-26T00:00:00Z,masculin,Allemagne de l'Ouest,Révolution conservatrice,Heinrich Rickert,Karl Rahner
Martin Heidegger,1889-09-26T00:00:00Z,masculin,Troisième Reich,Révolution conservatrice,Karl Braig,Karl Rahner
Martin Heidegger,1889-09-26T00:00:00Z,masculin,République de Weimar,Révolution conservatrice,Karl Braig,Karl Rahner
Martin Heidegger,1889-09-26T00:00:00Z,masculin,Allemagne de l'Ouest,Révolution conservatrice,Karl Braig,Karl Rahner
Martin Heidegger,1889-09-26T00:00:00Z,masculin,Troisième Reich,Révolution conservatrice,Edmund Husserl,Hannah Arendt
Martin Heidegger,1889-09-26T00:00:00Z,masculin,République de Weimar,Révolution conservatrice,Edmund Husserl,Hannah Arendt
Martin Heidegger,1889-09-26T00:00:00Z,masculin,Allemagne de l'Ouest,Révolution conservatrice,Edmund Husserl,Hannah Arendt
Martin Heidegger,1889-09-26T00:00:00Z,masculin,Troisième Reich,Révolution conservatrice,Heinrich Rickert,Hannah Arendt
Martin Heidegger,1889-09-26T00:00:00Z,masculin,République de Weimar,Révolution conservatrice,Heinrich Rickert,Hannah Arendt
Martin Heidegger,1889-09-26T00:00:00Z,masculin,Allemagne de l'Ouest,Révolution conservatrice,Heinrich Rickert,Hannah Arendt
Martin Heidegger,1889-09-26T00:00:00Z,masculin,Troisième Reich,Révolution conservatrice,Karl Braig,Hannah Arendt
Martin Heidegger,1889-09-26T00:00:00Z,masculin,République de Weimar,Révolution conservatrice,Karl Braig,Hannah Arendt
Martin Heidegger,1889-09-26T00:00:00Z,masculin,Allemagne de l'Ouest,Révolution conservatrice,Karl Braig,Hannah Arendt
Martin Heidegger,1889-09-26T00:00:00Z,masculin,Troisième Reich,Révolution conservatrice,Edmund Husserl,Günther Anders
Martin Heidegger,1889-09-26T00:00:00Z,masculin,République de Weimar,Révolution conservatrice,Edmund Husserl,Günther Anders
Martin Heidegger,1889-09-26T00:00:00Z,masculin,Allemagne de l'Ouest,Révolution conservatrice,Edmund Husserl,Günther Anders
Martin Heidegger,1889-09-26T00:00:00Z,masculin,Troisième Reich,Révolution conservatrice,Heinrich Rickert,Günther Anders
Martin Heidegger,1889-09-26T00:00:00Z,masculin,République de Weimar,Révolution conservatrice,Heinrich Rickert,Günther Anders
Martin Heidegger,1889-09-26T00:00:00Z,masculin,Allemagne de l'Ouest,Révolution conservatrice,Heinrich Rickert,Günther Anders
Martin Heidegger,1889-09-26T00:00:00Z,masculin,Troisième Reich,Révolution conservatrice,Karl Braig,Günther Anders
Martin Heidegger,1889-09-26T00:00:00Z,masculin,République de Weimar,Révolution conservatrice,Karl Braig,Günther Anders
Martin Heidegger,1889-09-26T00:00:00Z,masculin,Allemagne de l'Ouest,Révolution conservatrice,Karl Braig,Günther Anders
Martin Heidegger,1889-09-26T00:00:00Z,masculin,Troisième Reich,Révolution conservatrice,Edmund Husserl,Ernst Nolte
Martin Heidegger,1889-09-26T00:00:00Z,masculin,République de Weimar,Révolution conservatrice,Edmund Husserl,Ernst Nolte
Martin Heidegger,1889-09-26T00:00:00Z,masculin,Allemagne de l'Ouest,Révolution conservatrice,Edmund Husserl,Ernst Nolte
Martin Heidegger,1889-09-26T00:00:00Z,masculin,Troisième Reich,Révolution conservatrice,Heinrich Rickert,Ernst Nolte
Martin Heidegger,1889-09-26T00:00:00Z,masculin,République de Weimar,Révolution conservatrice,Heinrich Rickert,Ernst Nolte
Martin Heidegger,1889-09-26T00:00:00Z,masculin,Allemagne de l'Ouest,Révolution conservatrice,Heinrich Rickert,Ernst Nolte
Martin Heidegger,1889-09-26T00:00:00Z,masculin,Troisième Reich,Révolution conservatrice,Karl Braig,Ernst Nolte
Martin Heidegger,1889-09-26T00:00:00Z,masculin,République de Weimar,Révolution conservatrice,Karl Braig,Ernst Nolte
Martin Heidegger,1889-09-26T00:00:00Z,masculin,Allemagne de l'Ouest,Révolution conservatrice,Karl Braig,Ernst Nolte
Martin Heidegger,1889-09-26T00:00:00Z,masculin,Troisième Reich,Révolution conservatrice,Edmund Husserl,Sigrid Hunke
Martin Heidegger,1889-09-26T00:00:00Z,masculin,République de Weimar,Révolution conservatrice,Edmund Husserl,Sigrid Hunke
Martin Heidegger,1889-09-26T00:00:00Z,masculin,Allemagne de l'Ouest,Révolution conservatrice,Edmund Husserl,Sigrid Hunke
Martin Heidegger,1889-09-26T00:00:00Z,masculin,Troisième Reich,Révolution conservatrice,Heinrich Rickert,Sigrid Hunke
Martin Heidegger,1889-09-26T00:00:00Z,masculin,République de Weimar,Révolution conservatrice,Heinrich Rickert,Sigrid Hunke
Martin Heidegger,1889-09-26T00:00:00Z,masculin,Allemagne de l'Ouest,Révolution conservatrice,Heinrich Rickert,Sigrid Hunke
Martin Heidegger,1889-09-26T00:00:00Z,masculin,Troisième Reich,Révolution conservatrice,Karl Braig,Sigrid Hunke
Martin Heidegger,1889-09-26T00:00:00Z,masculin,République de Weimar,Révolution conservatrice,Karl Braig,Sigrid Hunke
Martin Heidegger,1889-09-26T00:00:00Z,masculin,Allemagne de l'Ouest,Révolution conservatrice,Karl Braig,Sigrid Hunke
Martin Heidegger,1889-09-26T00:00:00Z,masculin,Troisième Reich,Révolution conservatrice,Edmund Husserl,Karl Löwith
Martin Heidegger,1889-09-26T00:00:00Z,masculin,République de Weimar,Révolution conservatrice,Edmund Husserl,Karl Löwith
Martin Heidegger,1889-09-26T00:00:00Z,masculin,Allemagne de l'Ouest,Révolution conservatrice,Edmund Husserl,Karl Löwith
Martin Heidegger,1889-09-26T00:00:00Z,masculin,Troisième Reich,Révolution conservatrice,Heinrich Rickert,Karl Löwith
Martin Heidegger,1889-09-26T00:00:00Z,masculin,République de Weimar,Révolution conservatrice,Heinrich Rickert,Karl Löwith
Martin Heidegger,1889-09-26T00:00:00Z,masculin,Allemagne de l'Ouest,Révolution conservatrice,Heinrich Rickert,Karl Löwith
Martin Heidegger,1889-09-26T00:00:00Z,masculin,Troisième Reich,Révolution conservatrice,Karl Braig,Karl Löwith
Martin Heidegger,1889-09-26T00:00:00Z,masculin,République de Weimar,Révolution conservatrice,Karl Braig,Karl Löwith
Martin Heidegger,1889-09-26T00:00:00Z,masculin,Allemagne de l'Ouest,Révolution conservatrice,Karl Braig,Karl Löwith
Martin Heidegger,1889-09-26T00:00:00Z,masculin,Troisième Reich,Révolution conservatrice,Edmund Husserl,Emmanuel Levinas
Martin Heidegger,1889-09-26T00:00:00Z,masculin,République de Weimar,Révolution conservatrice,Edmund Husserl,Emmanuel Levinas
Martin Heidegger,1889-09-26T00:00:00Z,masculin,Allemagne de l'Ouest,Révolution conservatrice,Edmund Husserl,Emmanuel Levinas
Martin Heidegger,1889-09-26T00:00:00Z,masculin,Troisième Reich,Révolution conservatrice,Heinrich Rickert,Emmanuel Levinas
Martin Heidegger,1889-09-26T00:00:00Z,masculin,République de Weimar,Révolution conservatrice,Heinrich Rickert,Emmanuel Levinas
Martin Heidegger,1889-09-26T00:00:00Z,masculin,Allemagne de l'Ouest,Révolution conservatrice,Heinrich Rickert,Emmanuel Levinas
Martin Heidegger,1889-09-26T00:00:00Z,masculin,Troisième Reich,Révolution conservatrice,Karl Braig,Emmanuel Levinas
Martin Heidegger,1889-09-26T00:00:00Z,masculin,République de Weimar,Révolution conservatrice,Karl Braig,Emmanuel Levinas
Martin Heidegger,1889-09-26T00:00:00Z,masculin,Allemagne de l'Ouest,Révolution conservatrice,Karl Braig,Emmanuel Levinas
Martin Heidegger,1889-09-26T00:00:00Z,masculin,Troisième Reich,Révolution conservatrice,Edmund Husserl,Jan Patočka
Martin Heidegger,1889-09-26T00:00:00Z,masculin,République de Weimar,Révolution conservatrice,Edmund Husserl,Jan Patočka
Martin Heidegger,1889-09-26T00:00:00Z,masculin,Allemagne de l'Ouest,Révolution conservatrice,Edmund Husserl,Jan Patočka
Martin Heidegger,1889-09-26T00:00:00Z,masculin,Troisième Reich,Révolution conservatrice,Heinrich Rickert,Jan Patočka
Martin Heidegger,1889-09-26T00:00:00Z,masculin,République de Weimar,Révolution conservatrice,Heinrich Rickert,Jan Patočka
Martin Heidegger,1889-09-26T00:00:00Z,masculin,Allemagne de l'Ouest,Révolution conservatrice,Heinrich Rickert,Jan Patočka
Martin Heidegger,1889-09-26T00:00:00Z,masculin,Troisième Reich,Révolution conservatrice,Karl Braig,Jan Patočka
Martin Heidegger,1889-09-26T00:00:00Z,masculin,République de Weimar,Révolution conservatrice,Karl Braig,Jan Patočka
Martin Heidegger,1889-09-26T00:00:00Z,masculin,Allemagne de l'Ouest,Révolution conservatrice,Karl Braig,Jan Patočka
Martin Heidegger,1889-09-26T00:00:00Z,masculin,Troisième Reich,Révolution conservatrice,Edmund Husserl,Charles Malik
Martin Heidegger,1889-09-26T00:00:00Z,masculin,République de Weimar,Révolution conservatrice,Edmund Husserl,Charles Malik
Martin Heidegger,1889-09-26T00:00:00Z,masculin,Allemagne de l'Ouest,Révolution conservatrice,Edmund Husserl,Charles Malik
Martin Heidegger,1889-09-26T00:00:00Z,masculin,Troisième Reich,Révolution conservatrice,Heinrich Rickert,Charles Malik
Martin Heidegger,1889-09-26T00:00:00Z,masculin,République de Weimar,Révolution conservatrice,Heinrich Rickert,Charles Malik
Martin Heidegger,1889-09-26T00:00:00Z,masculin,Allemagne de l'Ouest,Révolution conservatrice,Heinrich Rickert,Charles Malik
Martin Heidegger,1889-09-26T00:00:00Z,masculin,Troisième Reich,Révolution conservatrice,Karl Braig,Charles Malik
Martin Heidegger,1889-09-26T00:00:00Z,masculin,République de Weimar,Révolution conservatrice,Karl Braig,Charles Malik
Martin Heidegger,1889-09-26T00:00:00Z,masculin,Allemagne de l'Ouest,Révolution conservatrice,Karl Braig,Charles Malik
Martin Heidegger,1889-09-26T00:00:00Z,masculin,Troisième Reich,Révolution conservatrice,Edmund Husserl,Carlos Astrada
Martin Heidegger,1889-09-26T00:00:00Z,masculin,République de Weimar,Révolution conservatrice,Edmund Husserl,Carlos Astrada
Martin Heidegger,1889-09-26T00:00:00Z,masculin,Allemagne de l'Ouest,Révolution conservatrice,Edmund Husserl,Carlos Astrada
Martin Heidegger,1889-09-26T00:00:00Z,masculin,Troisième Reich,Révolution conservatrice,Heinrich Rickert,Carlos Astrada
Martin Heidegger,1889-09-26T00:00:00Z,masculin,République de Weimar,Révolution conservatrice,Heinrich Rickert,Carlos Astrada
Martin Heidegger,1889-09-26T00:00:00Z,masculin,Allemagne de l'Ouest,Révolution conservatrice,Heinrich Rickert,Carlos Astrada
Martin Heidegger,1889-09-26T00:00:00Z,masculin,Troisième Reich,Révolution conservatrice,Karl Braig,Carlos Astrada
Martin Heidegger,1889-09-26T00:00:00Z,masculin,République de Weimar,Révolution conservatrice,Karl Braig,Carlos Astrada
Martin Heidegger,1889-09-26T00:00:00Z,masculin,Allemagne de l'Ouest,Révolution conservatrice,Karl Braig,Carlos Astrada
Martin Heidegger,1889-09-26T00:00:00Z,masculin,Troisième Reich,Révolution conservatrice,Edmund Husserl,Ernesto Mayz Vallenilla
Günter Ralfs,1899-12-17T00:00:00Z,masculin,Allemagne,,,
Erich Fromm,1900-03-23T00:00:00Z,masculin,Suisse,philosophie continentale,Alfred Weber,
Erich Fromm,1900-03-23T00:00:00Z,masculin,Allemagne,philosophie continentale,Alfred Weber,
Erich Fromm,1900-03-23T00:00:00Z,masculin,République de Weimar,philosophie continentale,Alfred Weber,
Erich Fromm,1900-03-23T00:00:00Z,masculin,Empire allemand,philosophie continentale,Alfred Weber,
Erich Fromm,1900-03-23T00:00:00Z,masculin,Suisse,école de Francfort,Alfred Weber,
Erich Fromm,1900-03-23T00:00:00Z,masculin,Allemagne,école de Francfort,Alfred Weber,
Erich Fromm,1900-03-23T00:00:00Z,masculin,République de Weimar,école de Francfort,Alfred Weber,
Erich Fromm,1900-03-23T00:00:00Z,masculin,Empire allemand,école de Francfort,Alfred Weber,
Emanuel Lasker,1868-12-24T00:00:00Z,masculin,République de Weimar,,,
Emanuel Lasker,1868-12-24T00:00:00Z,masculin,Empire allemand,,,
Q57112,1880-05-29T00:00:00Z,masculin,Allemagne,Révolution conservatrice,,
Ernst Cassirer,1874-05-28T00:00:00Z,masculin,Suède,Marburg School,,
Ernst Cassirer,1874-07-28T00:00:00Z,masculin,Suède,Marburg School,,
Ernst Cassirer,1874-05-28T00:00:00Z,masculin,Troisième Reich,Marburg School,,
Ernst Cassirer,1874-07-28T00:00:00Z,masculin,Troisième Reich,Marburg School,,
Ernst Cassirer,1874-05-28T00:00:00Z,masculin,Royaume de Prusse,Marburg School,,
Ernst Cassirer,1874-07-28T00:00:00Z,masculin,Royaume de Prusse,Marburg School,,
Ernst Cassirer,1874-05-28T00:00:00Z,masculin,République de Weimar,Marburg School,,
Ernst Cassirer,1874-07-28T00:00:00Z,masculin,République de Weimar,Marburg School,,
Moritz Schlick,1882-04-14T00:00:00Z,masculin,Allemagne,,Max Planck,Friedrich Waismann
Franz Brentano,1838-01-16T00:00:00Z,masculin,Royaume de Prusse,,Friedrich Adolf Trendelenburg,Sigmund Freud
Franz Brentano,1838-01-16T00:00:00Z,masculin,Royaume de Prusse,,Franz Jakob Clemens,Sigmund Freud
Franz Brentano,1838-01-16T00:00:00Z,masculin,Royaume de Prusse,,Friedrich Adolf Trendelenburg,Carl Stumpf
Franz Brentano,1838-01-16T00:00:00Z,masculin,Royaume de Prusse,,Franz Jakob Clemens,Carl Stumpf
Franz Brentano,1838-01-16T00:00:00Z,masculin,Royaume de Prusse,,Friedrich Adolf Trendelenburg,Edmund Husserl
Franz Brentano,1838-01-16T00:00:00Z,masculin,Royaume de Prusse,,Franz Jakob Clemens,Edmund Husserl
Franz Brentano,1838-01-16T00:00:00Z,masculin,Royaume de Prusse,,Friedrich Adolf Trendelenburg,Tomáš Masaryk
Franz Brentano,1838-01-16T00:00:00Z,masculin,Royaume de Prusse,,Franz Jakob Clemens,Tomáš Masaryk
Franz Brentano,1838-01-16T00:00:00Z,masculin,Royaume de Prusse,,Friedrich Adolf Trendelenburg,Alexius Meinong
Franz Brentano,1838-01-16T00:00:00Z,masculin,Royaume de Prusse,,Franz Jakob Clemens,Alexius Meinong
Franz Brentano,1838-01-16T00:00:00Z,masculin,Royaume de Prusse,,Friedrich Adolf Trendelenburg,Christian von Ehrenfels
Franz Brentano,1838-01-16T00:00:00Z,masculin,Royaume de Prusse,,Franz Jakob Clemens,Christian von Ehrenfels
Franz Brentano,1838-01-16T00:00:00Z,masculin,Royaume de Prusse,,Friedrich Adolf Trendelenburg,Kazimierz Twardowski
Franz Brentano,1838-01-16T00:00:00Z,masculin,Royaume de Prusse,,Franz Jakob Clemens,Kazimierz Twardowski
Franz Brentano,1838-01-16T00:00:00Z,masculin,Royaume de Prusse,,Friedrich Adolf Trendelenburg,Aloïs Riegl
Franz Brentano,1838-01-16T00:00:00Z,masculin,Royaume de Prusse,,Franz Jakob Clemens,Aloïs Riegl
David Strauss,1808-01-27T00:00:00Z,masculin,Suisse,,,
David Strauss,1808-01-27T00:00:00Z,masculin,Royaume du Wurtemberg,,,
Ernst Bloch,1885-07-08T00:00:00Z,masculin,Suisse,surréalisme,,
Ernst Bloch,1885-07-08T00:00:00Z,masculin,Royaume-Uni,surréalisme,,
Bernhard Rensch,1900-01-21T00:00:00Z,masculin,Allemagne,,,
Julius Langbehn,1851-03-26T00:00:00Z,masculin,Royaume de Prusse,,,
Albert Schwegler,1819-02-10T00:00:00Z,masculin,Royaume du Wurtemberg,,,
Boris Groys,1947-03-19T00:00:00Z,masculin,Russie,,,
Boris Groys,1947-03-19T00:00:00Z,masculin,Allemagne,,,
Hermann Friedmann,1873-04-11T00:00:00Z,masculin,Pologne,,,
Hermann Friedmann,1873-04-11T00:00:00Z,masculin,Allemagne,,,
Hermann Friedmann,1873-04-11T00:00:00Z,masculin,grand-duché de Finlande,,,
Martin Heidegger,1889-09-26T00:00:00Z,masculin,République de Weimar,Révolution conservatrice,Edmund Husserl,Ernesto Mayz Vallenilla
Martin Heidegger,1889-09-26T00:00:00Z,masculin,Allemagne de l'Ouest,Révolution conservatrice,Edmund Husserl,Ernesto Mayz Vallenilla
Martin Heidegger,1889-09-26T00:00:00Z,masculin,Troisième Reich,Révolution conservatrice,Heinrich Rickert,Ernesto Mayz Vallenilla
Martin Heidegger,1889-09-26T00:00:00Z,masculin,République de Weimar,Révolution conservatrice,Heinrich Rickert,Ernesto Mayz Vallenilla
Martin Heidegger,1889-09-26T00:00:00Z,masculin,Allemagne de l'Ouest,Révolution conservatrice,Heinrich Rickert,Ernesto Mayz Vallenilla
Martin Heidegger,1889-09-26T00:00:00Z,masculin,Troisième Reich,Révolution conservatrice,Karl Braig,Ernesto Mayz Vallenilla
Martin Heidegger,1889-09-26T00:00:00Z,masculin,République de Weimar,Révolution conservatrice,Karl Braig,Ernesto Mayz Vallenilla
Martin Heidegger,1889-09-26T00:00:00Z,masculin,Allemagne de l'Ouest,Révolution conservatrice,Karl Braig,Ernesto Mayz Vallenilla
Martin Heidegger,1889-09-26T00:00:00Z,masculin,Troisième Reich,Révolution conservatrice,Edmund Husserl,Alberto Wagner de Reyna
Martin Heidegger,1889-09-26T00:00:00Z,masculin,République de Weimar,Révolution conservatrice,Edmund Husserl,Alberto Wagner de Reyna
Martin Heidegger,1889-09-26T00:00:00Z,masculin,Allemagne de l'Ouest,Révolution conservatrice,Edmund Husserl,Alberto Wagner de Reyna
Martin Heidegger,1889-09-26T00:00:00Z,masculin,Troisième Reich,Révolution conservatrice,Heinrich Rickert,Alberto Wagner de Reyna
Martin Heidegger,1889-09-26T00:00:00Z,masculin,République de Weimar,Révolution conservatrice,Heinrich Rickert,Alberto Wagner de Reyna
Martin Heidegger,1889-09-26T00:00:00Z,masculin,Allemagne de l'Ouest,Révolution conservatrice,Heinrich Rickert,Alberto Wagner de Reyna
Martin Heidegger,1889-09-26T00:00:00Z,masculin,Troisième Reich,Révolution conservatrice,Karl Braig,Alberto Wagner de Reyna
Martin Heidegger,1889-09-26T00:00:00Z,masculin,République de Weimar,Révolution conservatrice,Karl Braig,Alberto Wagner de Reyna
Martin Heidegger,1889-09-26T00:00:00Z,masculin,Allemagne de l'Ouest,Révolution conservatrice,Karl Braig,Alberto Wagner de Reyna
Ukshin Hoti,1943-06-17T00:00:00Z,masculin,Serbie,,,
Ukshin Hoti,1943-06-17T00:00:00Z,masculin,Yougoslavie,,,
Albert Schweitzer,1875-01-14T00:00:00Z,masculin,France,,,
Albert Schweitzer,1875-01-14T00:00:00Z,masculin,Reich allemand,,,
Maurice Maeterlinck,1862-08-29T00:00:00Z,masculin,Belgique,symbolisme,,
John Stuart Mill,1806-05-20T00:00:00Z,masculin,Royaume-Uni de Grande-Bretagne et d'Irlande,libéralisme,Jeremy Bentham,
John Stuart Mill,1806-05-20T00:00:00Z,masculin,Royaume-Uni de Grande-Bretagne et d'Irlande,athéisme,Jeremy Bentham,
John Stuart Mill,1806-05-20T00:00:00Z,masculin,Royaume-Uni de Grande-Bretagne et d'Irlande,utilitarisme,Jeremy Bentham,
John Stuart Mill,1806-05-20T00:00:00Z,masculin,Royaume-Uni de Grande-Bretagne et d'Irlande,égalitarisme,Jeremy Bentham,
Rambhadracharya,1950-01-14T00:00:00Z,masculin,Inde,,,
Ivan Efremov,1908-04-23T00:00:00Z,masculin,Union soviétique,,Piotr Souchkine,
Ivan Efremov,1908-04-23T00:00:00Z,masculin,Empire russe,,Piotr Souchkine,
Kedar Joshi,1979-12-31T00:00:00Z,masculin,Inde,,,
František Lorenz,1872-12-24T00:00:00Z,masculin,Brésil,,,
František Lorenz,1872-12-24T00:00:00Z,masculin,Tchécoslovaquie,,,
John Grinder,1940-01-10T00:00:00Z,masculin,États-Unis,,,Steve Andreas
Nicolas de Condorcet,1743-09-17T00:00:00Z,masculin,France,Lumières,,
Edward Saïd,1935-11-01T00:00:00Z,masculin,États-Unis,,,
Edward Saïd,1935-11-01T00:00:00Z,masculin,Palestine mandataire,,,
Gabriel Bonnot de Mably,1709-03-14T00:00:00Z,masculin,France,,,
Pierre Klossowski,1905-08-09T00:00:00Z,masculin,France,,,
Georg Sverdrup,1770-04-25T00:00:00Z,masculin,Norvège,,,
Isaiah Berlin,1909-06-06T00:00:00Z,masculin,Royaume-Uni,,,Geoffrey Midgley
Isaiah Berlin,1909-06-06T00:00:00Z,masculin,Empire russe,,,Geoffrey Midgley
Robert Nozick,1938-11-16T00:00:00Z,masculin,États-Unis,,,
Paul de Lagarde,1827-11-02T00:00:00Z,masculin,Royaume de Prusse,,,William Robertson Smith
Wolfhart Pannenberg,1928-10-02T00:00:00Z,masculin,Allemagne,,,
Theodor Lessing,1872-02-08T00:00:00Z,masculin,Allemagne,,,
Kurd Laßwitz,1848-04-20T00:00:00Z,masculin,Royaume de Prusse,,,
Arnold Ruge,1802-09-13T00:00:00Z,masculin,Royaume de Prusse,,,
Arnold Gehlen,1904-01-29T00:00:00Z,masculin,Allemagne,anthropologie philosophique,,
Eugen Fink,1905-12-11T00:00:00Z,masculin,Allemagne,,Edmund Husserl,
Otto von Gierke,1841-01-11T00:00:00Z,masculin,Royaume de Prusse,,,
Otto von Gierke,1841-01-11T00:00:00Z,masculin,Reich allemand,,,
Friedrich-Albert Lange,1828-09-28T00:00:00Z,masculin,Royaume de Prusse,,,
Gustav Landauer,1870-04-07T00:00:00Z,masculin,Allemagne,,,
Werner Jaeger,1888-07-30T00:00:00Z,masculin,États-Unis,,Ulrich von Wilamowitz-Moellendorff,Wolfgang Schadewaldt
Werner Jaeger,1888-07-30T00:00:00Z,masculin,Allemagne,,Ulrich von Wilamowitz-Moellendorff,Wolfgang Schadewaldt
Carl Gustav Hempel,1905-01-08T00:00:00Z,masculin,États-Unis,,,
Carl Gustav Hempel,1905-01-08T00:00:00Z,masculin,Allemagne,,,
Rüdiger Safranski,1945-01-01T00:00:00Z,masculin,Allemagne,,,
Paul Johann Anselm von Feuerbach,1775-11-14T00:00:00Z,masculin,grand-duché de Saxe-Weimar-Eisenach,,,
Georg Jellinek,1851-06-16T00:00:00Z,masculin,royaume de Saxe,,,
Theodor Lipps,1851-07-28T00:00:00Z,masculin,Reich allemand,,,
Oskar Ernst Bernhardt,1875-04-18T00:00:00Z,masculin,Reich allemand,,,
Carl Gustav Carus,1789-01-03T00:00:00Z,masculin,royaume de Saxe,,,
Karoline von Günderrode,1780-02-11T00:00:00Z,féminin,Allemagne,,,
Karl Ludwig Michelet,1801-12-04T00:00:00Z,masculin,Royaume de Prusse,,,David Strauss
Karl Ludwig Michelet,1801-12-04T00:00:00Z,masculin,Royaume de Prusse,,,August Cieszkowski
Oskar Negt,1934-08-01T00:00:00Z,masculin,Allemagne,,,
Carl Dahlhaus,1928-06-10T00:00:00Z,masculin,Allemagne,,,
Hans Albert,1921-02-08T00:00:00Z,masculin,Allemagne,philosophie occidentale,,
Karl Rosenkranz,1805-04-23T00:00:00Z,masculin,Royaume de Prusse,,,
Max Bense,1910-02-07T00:00:00Z,masculin,Allemagne,,,
Bert Hellinger,1925-12-16T00:00:00Z,masculin,Allemagne,,,
Mikhaïl Lomonossov,1711-11-19T00:00:00Z,masculin,Empire russe,,Christian Wolff,Stepan Roumovski
Mikhaïl Lomonossov,1711-11-19T00:00:00Z,masculin,Empire russe,,Johann Friedrich Henckel,Stepan Roumovski
Karl-Otto Apel,1922-03-15T00:00:00Z,masculin,Allemagne,,,
Lionel Giles,1875-12-29T00:00:00Z,masculin,Royaume-Uni,,,
Richard Carrier,1969-12-01T00:00:00Z,masculin,États-Unis,athéisme,,
Jacob Burckhardt,1818-05-25T00:00:00Z,masculin,Suisse,,Franz Theodor Kugler,Friedrich Nietzsche
Jacob Burckhardt,1818-05-25T00:00:00Z,masculin,Suisse,,Leopold van Ranke,Friedrich Nietzsche
Jacob Burckhardt,1818-05-25T00:00:00Z,masculin,Suisse,,Franz Theodor Kugler,Heinrich Wölfflin
Jacob Burckhardt,1818-05-25T00:00:00Z,masculin,Suisse,,Leopold van Ranke,Heinrich Wölfflin
Jacob Burckhardt,1818-05-25T00:00:00Z,masculin,Suisse,,Franz Theodor Kugler,Lucian Blaga
Jacob Burckhardt,1818-05-25T00:00:00Z,masculin,Suisse,,Leopold van Ranke,Lucian Blaga
Jacob Burckhardt,1818-05-25T00:00:00Z,masculin,Suisse,,Franz Theodor Kugler,Hermann Wirz
Jacob Burckhardt,1818-05-25T00:00:00Z,masculin,Suisse,,Leopold van Ranke,Hermann Wirz
Hermann Ludwig von Helmholtz,1821-08-31T00:00:00Z,masculin,Royaume de Prusse,,Johannes Peter Müller,Heinrich Rudolf Hertz
Hermann Ludwig von Helmholtz,1821-08-31T00:00:00Z,masculin,Reich allemand,,Johannes Peter Müller,Heinrich Rudolf Hertz
Hermann Ludwig von Helmholtz,1821-08-31T00:00:00Z,masculin,Royaume de Prusse,,Johannes Peter Müller,Theodor Karl Gustav von Leber
Hermann Ludwig von Helmholtz,1821-08-31T00:00:00Z,masculin,Reich allemand,,Johannes Peter Müller,Theodor Karl Gustav von Leber
Hermann Ludwig von Helmholtz,1821-08-31T00:00:00Z,masculin,Royaume de Prusse,,Johannes Peter Müller,William James
Hermann Ludwig von Helmholtz,1821-08-31T00:00:00Z,masculin,Reich allemand,,Johannes Peter Müller,William James
Hermann Ludwig von Helmholtz,1821-08-31T00:00:00Z,masculin,Royaume de Prusse,,Johannes Peter Müller,August Heller
Hermann Ludwig von Helmholtz,1821-08-31T00:00:00Z,masculin,Reich allemand,,Johannes Peter Müller,August Heller
Hermann Ludwig von Helmholtz,1821-08-31T00:00:00Z,masculin,Royaume de Prusse,,Johannes Peter Müller,Aleksey Sokolov
Hermann Ludwig von Helmholtz,1821-08-31T00:00:00Z,masculin,Reich allemand,,Johannes Peter Müller,Aleksey Sokolov
Hannah Arendt,1906-10-14T00:00:00Z,féminin,États-Unis,phénoménologie,Martin Heidegger,
Hannah Arendt,1906-10-14T00:00:00Z,féminin,Prusse,phénoménologie,Martin Heidegger,
Hannah Arendt,1906-10-14T00:00:00Z,féminin,apatride,phénoménologie,Martin Heidegger,
Hannah Arendt,1906-10-14T00:00:00Z,féminin,États-Unis,phénoménologie,Karl Jaspers,
Hannah Arendt,1906-10-14T00:00:00Z,féminin,Prusse,phénoménologie,Karl Jaspers,
Hannah Arendt,1906-10-14T00:00:00Z,féminin,apatride,phénoménologie,Karl Jaspers,
Herbert Marcuse,1898-07-19T00:00:00Z,masculin,États-Unis,école de Francfort,,
Herbert Marcuse,1898-07-19T00:00:00Z,masculin,Suisse,école de Francfort,,
Herbert Marcuse,1898-07-19T00:00:00Z,masculin,Allemagne,école de Francfort,,
Herbert Marcuse,1898-07-19T00:00:00Z,masculin,République de Weimar,école de Francfort,,
Herbert Marcuse,1898-07-19T00:00:00Z,masculin,Allemagne de l'Ouest,école de Francfort,,
Friedrich Wilhelm Joseph von Schelling,1775-01-27T00:00:00Z,masculin,Royaume du Wurtemberg,idéalisme allemand,Gottlob Christian Storr,Félix Ravaisson
Friedrich Wilhelm Joseph von Schelling,1775-01-27T00:00:00Z,masculin,Royaume du Wurtemberg,idéalisme allemand,Johann Friedrich Flatt,Félix Ravaisson
Friedrich Wilhelm Joseph von Schelling,1775-01-27T00:00:00Z,masculin,Royaume du Wurtemberg,idéalisme allemand,Johann Gottlieb Fichte,Félix Ravaisson
Friedrich Wilhelm Joseph von Schelling,1775-01-27T00:00:00Z,masculin,Royaume du Wurtemberg,idéalisme allemand,Christian Friedrich von Schnurrer,Félix Ravaisson
Friedrich Wilhelm Joseph von Schelling,1775-01-27T00:00:00Z,masculin,Royaume du Wurtemberg,idéalisme allemand,Johann Friedrich LeBret,Félix Ravaisson
Friedrich Wilhelm Joseph von Schelling,1775-01-27T00:00:00Z,masculin,Royaume du Wurtemberg,idéalisme allemand,Ludwig Joseph Uhland,Félix Ravaisson
Friedrich Wilhelm Joseph von Schelling,1775-01-27T00:00:00Z,masculin,Royaume du Wurtemberg,idéalisme allemand,Gottlob Christian Storr,Johann Erich Berger
Friedrich Wilhelm Joseph von Schelling,1775-01-27T00:00:00Z,masculin,Royaume du Wurtemberg,idéalisme allemand,Johann Friedrich Flatt,Johann Erich Berger
Friedrich Wilhelm Joseph von Schelling,1775-01-27T00:00:00Z,masculin,Royaume du Wurtemberg,idéalisme allemand,Johann Gottlieb Fichte,Johann Erich Berger
Friedrich Wilhelm Joseph von Schelling,1775-01-27T00:00:00Z,masculin,Royaume du Wurtemberg,idéalisme allemand,Christian Friedrich von Schnurrer,Johann Erich Berger
Friedrich Wilhelm Joseph von Schelling,1775-01-27T00:00:00Z,masculin,Royaume du Wurtemberg,idéalisme allemand,Johann Friedrich LeBret,Johann Erich Berger
Friedrich Wilhelm Joseph von Schelling,1775-01-27T00:00:00Z,masculin,Royaume du Wurtemberg,idéalisme allemand,Ludwig Joseph Uhland,Johann Erich Berger
Wilhelm Dilthey,1833-11-19T00:00:00Z,masculin,Royaume de Prusse,philosophie occidentale,,
Josef Ludvik Fischer,1894-11-06T00:00:00Z,masculin,Royaume des Pays-Bas,,,
Paul Tillich,1886-08-20T00:00:00Z,masculin,États-Unis,,,
Paul Tillich,1886-08-20T00:00:00Z,masculin,Reich allemand,,,
Eckhart Tolle,1948-02-16T00:00:00Z,masculin,Canada,,,
Eckhart Tolle,1948-02-16T00:00:00Z,masculin,Allemagne,,,
Karl Korsch,1886-08-15T00:00:00Z,masculin,Allemagne,philosophie continentale,,
